ID,Date,Comp,Round,Venue,Squad,Opponent,Start,xG,PSxG,Body Part,Distance,Minute,Score,Goalkeeper,Assist,GCA1,Type,GCA2,Type,Notes,
1,2023-12-08,Pro League,Matchweek 16,Home,Al-Nassr,Al-Riyadh SC,Y*,,,,,31,0-0,Martín Campaña,Sadio Mané,,,,,
2,2023-11-24,Pro League,Matchweek 14,Home,Al-Nassr,Al Okhdood SC,Y*,,,,,80,2-0,Paulo Vítor Fagundes dos Anjos,,,,,,
3,2023-11-24,Pro League,Matchweek 14,Home,Al-Nassr,Al Okhdood SC,Y*,,,,,77,1-0,Paulo Vítor Fagundes dos Anjos,,,,,,
4,2023-11-16,Euro Qualifying,Group stage,Away,Portugal,Liechtenstein,Y*,,,,,46,0-0,Benjamin Büchel,Diogo Jota,,,,,
5,2023-11-11,Pro League,Matchweek 13,Away,Al-Nassr,Al-Wehda,Y*,,,,,49,2-0,Munir,,,,,,
6,2023-11-04,Pro League,Matchweek 12,Home,Al-Nassr,Al-Khaleej,Y*,,,,,26,0-0,Marwan Al Haidari,Abdulrahman Ghareeb,,,,,
7,2023-10-21,Pro League,Matchweek 10,Home,Al-Nassr,Damac,Y*,,,,,56,1-1,Moustapha Zeghba,,,,,,
8,2023-10-16,Euro Qualifying,Group stage,Away,Portugal,Bosnia & Herz'na,Y*,,,,,20,1-0,Ibrahim Šehić,João Félix,,,,,
9,2023-10-16,Euro Qualifying,Group stage,Away,Portugal,Bosnia & Herz'na,Y*,,,,,5,0-0,Ibrahim Šehić,,,,,,
10,2023-10-13,Euro Qualifying,Group stage,Home,Portugal,Slovakia,Y*,,,,,72,2-1,Martin Dúbravka,Bruno Fernandes,,,,,
11,2023-10-13,Euro Qualifying,Group stage,Home,Portugal,Slovakia,Y*,,,,,29,1-0,Martin Dúbravka,,,,,,
12,2023-09-29,Pro League,Matchweek 8,Away,Al-Nassr,Al-Ta'ee,Y*,,,,,87,1-1,Victor Braga,,,,,,
13,2023-09-22,Pro League,Matchweek 7,Home,Al-Nassr,Al-Ahli,Y*,,,,,52,3-2,Edouard Mendy,Talisca,,,,,
14,2023-09-22,Pro League,Matchweek 7,Home,Al-Nassr,Al-Ahli,Y*,,,,,4,0-0,Edouard Mendy,Sadio Mané,,,,,
15,2023-09-16,Pro League,Matchweek 6,Away,Al-Nassr,Al-Raed,Y*,,,,,78,2-0,André Moreira,Talisca,,,,,
16,2023-09-02,Pro League,Matchweek 5,Away,Al-Nassr,Al-Hazem,Y*,,,,,68,3-1,Aymen Dahmen,Abdulrahman Ghareeb,,,,,
17,2023-08-29,Pro League,Matchweek 4,Home,Al-Nassr,Al-Shabab,Y*,,,,,38,1-0,Kim Seung-gyu,,,,,,
18,2023-08-29,Pro League,Matchweek 4,Home,Al-Nassr,Al-Shabab,Y*,,,,,13,0-0,Kim Seung-gyu,,,,,,
19,2023-08-25,Pro League,Matchweek 3,Away,Al-Nassr,Al-Fateh,Y*,,,,,90+5,4-0,Jacob Rinne,Nawaf Boushal,,,,,
20,2023-08-25,Pro League,Matchweek 3,Away,Al-Nassr,Al-Fateh,Y*,,,,,55,2-0,Jacob Rinne,Abdulrahman Ghareeb,,,,,
21,2023-08-25,Pro League,Matchweek 3,Away,Al-Nassr,Al-Fateh,Y*,,,,,38,1-0,Jacob Rinne,Sultan Al-Ghanam,,,,,
22,2023-06-20,Euro Qualifying,Group stage,Away,Portugal,Iceland,Y*,,,,,89,0-0,Rúnar Alex Rúnarsson,Gonçalo Inácio,,,,,
23,2023-05-23,Pro League,Matchweek 28,Home,Al-Nassr,Al-Shabab,Y*,,,,,59,,,Luiz Gustavo,,,,,
24,2023-05-16,Pro League,Matchweek 27,Away,Al-Nassr,Al-Ta'ee,Y*,,,,,52,,,,,,,,
25,2023-04-28,Pro League,Matchweek 24,Home,Al-Nassr,Al-Raed,Y*,,,,,4,,,Sultan Al-Ghanam,,,,,
26,2023-04-04,Pro League,Matchweek 22,Away,Al-Nassr,Al-Adalah,Y*,,,,,66,,,Talisca,,,,,
27,2023-04-04,Pro League,Matchweek 22,Away,Al-Nassr,Al-Adalah,Y*,,,,,40,,,,,,,,
28,2023-03-26,Euro Qualifying,Group stage,Away,Portugal,Luxembourg,Y*,,,,,31,3-0,Anthony Moris,Bruno Fernandes,,,,,
29,2023-03-26,Euro Qualifying,Group stage,Away,Portugal,Luxembourg,Y*,,,,,9,0-0,Anthony Moris,Nuno Mendes,,,,,
30,2023-03-23,Euro Qualifying,Group stage,Home,Portugal,Liechtenstein,Y*,,,,,63,3-0,Benjamin Büchel,,,,,,
31,2023-03-23,Euro Qualifying,Group stage,Home,Portugal,Liechtenstein,Y*,,,,,51,2-0,Benjamin Büchel,,,,,,
32,2023-03-18,Pro League,Matchweek 21,Home,Al-Nassr,Abha,Y*,,,,,78,,,,,,,,
33,2023-02-25,Pro League,Matchweek 18,Away,Al-Nassr,Damac,Y*,,,,,44,,,Aiman Salem,,,,,
34,2023-02-25,Pro League,Matchweek 18,Away,Al-Nassr,Damac,Y*,,,,,23,,,Sultan Al-Ghanam,,,,,
35,2023-02-25,Pro League,Matchweek 18,Away,Al-Nassr,Damac,Y*,,,,,18,,,,,,,,
36,2023-02-09,Pro League,Matchweek 16,Away,Al-Nassr,Al-Wehda,Y*,,,,,61,,,,,,,,
37,2023-02-09,Pro League,Matchweek 16,Away,Al-Nassr,Al-Wehda,Y*,,,,,53,,,,,,,,
38,2023-02-09,Pro League,Matchweek 16,Away,Al-Nassr,Al-Wehda,Y*,,,,,40,,,Sami Al-Najei,,,,,
39,2023-02-09,Pro League,Matchweek 16,Away,Al-Nassr,Al-Wehda,Y*,,,,,21,,,Abdulrahman Ghareeb,,,,,
40,2023-02-03,Pro League,Matchweek 15,Away,Al-Nassr,Al-Fateh,Y*,,,,,90+3,,,,,,,,
41,2022-11-24,World Cup,Group stage,Neutral,Portugal,Ghana,Y*,0.79,0.98,Right Foot,13,65,0-0,Lawrence Ati-Zigi,,Cristiano Ronaldo,Fouled,Raphaël Guerreiro,Pass (Live),
42,2022-10-27,Europa Lg,Group stage,Home,Manchester Utd,Sheriff Tiraspol,Y,0.43,0.96,Left Foot,3,81,2-0,Maksym Koval,,Cristiano Ronaldo,Shot,,,
43,2022-10-09,Premier League,Matchweek 10,Away,Manchester Utd,Everton,N,0.21,0.35,Left Foot,15,44,1-1,Jordan Pickford,Casemiro,Casemiro,Pass (Live),,,
44,2022-09-15,Europa Lg,Group stage,Away,Manchester Utd,Sheriff Tiraspol,Y,0.79,0.84,Right Foot,13,39,1-0,Maksym Koval,,Diogo Dalot,Fouled,Diogo Dalot,Pass (Live),
45,2022-06-05,UEFA Nations League,League A,Home,Portugal,Switzerland,Y*,,,,,39,2-0,Gregor Kobel,Diogo Jota,,,,,
46,2022-06-05,UEFA Nations League,League A,Home,Portugal,Switzerland,Y*,,,,,35,1-0,Gregor Kobel,Diogo Jota,,,,,
47,2022-05-02,Premier League,Matchweek 35,Home,Manchester Utd,Brentford,Y,0.79,0.98,Right Foot,13,61,1-0,David Raya,,Cristiano Ronaldo,Fouled,Diogo Dalot,Pass (Live),
48,2022-04-28,Premier League,Matchweek 37,Home,Manchester Utd,Chelsea,Y,0.29,0.32,Right Foot,10,62,0-1,Edouard Mendy,Nemanja Matić,Nemanja Matić,Pass (Live),Victor Lindelöf,Interception,Volley
49,2022-04-23,Premier League,Matchweek 34,Away,Manchester Utd,Arsenal,Y,0.45,0.74,Left Foot,7,34,0-2,Aaron Ramsdale,Nemanja Matić,Nemanja Matić,Pass (Live),Jadon Sancho,Pass (Live),
50,2022-04-16,Premier League,Matchweek 33,Home,Manchester Utd,Norwich City,Y,0.03,0.47,Right Foot,32,76,2-2,Tim Krul,,Anthony Elanga,Fouled,Anthony Elanga,Take-On,
51,2022-04-16,Premier League,Matchweek 33,Home,Manchester Utd,Norwich City,Y,0.09,0.11,Head,7,32,1-0,Tim Krul,Alex Telles,Alex Telles,Pass (Dead),Jesse Lingard,Shot,
52,2022-04-16,Premier League,Matchweek 33,Home,Manchester Utd,Norwich City,Y,0.76,0.25,Right Foot,10,7,0-0,Tim Krul,Anthony Elanga,Anthony Elanga,Pass (Live),Anthony Elanga,Tackle,
53,2022-03-12,Premier League,Matchweek 29,Home,Manchester Utd,Tottenham,Y,0.04,0.3,Head,11,81,2-2,Hugo Lloris,Alex Telles,Alex Telles,Pass (Dead),Paul Pogba,Pass (Live),
54,2022-03-12,Premier League,Matchweek 29,Home,Manchester Utd,Tottenham,Y,0.5,0.57,Right Foot,7,38,1-1,Hugo Lloris,Jadon Sancho,Jadon Sancho,Pass (Live),Nemanja Matić,Pass (Live),
55,2022-03-12,Premier League,Matchweek 29,Home,Manchester Utd,Tottenham,Y,0.03,0.24,Right Foot,31,12,0-0,Hugo Lloris,Fred,Raphaël Varane,Pass (Live),Fred,Pass (Live),
56,2022-02-15,Premier League,Matchweek 18,Home,Manchester Utd,Brighton,Y,0.05,0.45,Right Foot,20,51,0-0,Robert Sánchez,Scott McTominay,Cristiano Ronaldo,Take-On,Scott McTominay,Tackle,
57,2021-12-30,Premier League,Matchweek 20,Home,Manchester Utd,Burnley,Y,0.92,0.41,Right Foot,9,35,2-0,Wayne Hennessey,,Scott McTominay,Shot,,,
58,2021-12-11,Premier League,Matchweek 16,Away,Manchester Utd,Norwich City,Y,0.79,0.98,Right Foot,13,75,0-0,Tim Krul,,Cristiano Ronaldo,Fouled,Scott McTominay,Pass (Live),
59,2021-12-02,Premier League,Matchweek 14,Home,Manchester Utd,Arsenal,Y,0.79,0.93,Right Foot,13,70,2-2,Aaron Ramsdale,,Fred,Fouled,Jadon Sancho,Pass (Live),
60,2021-12-02,Premier League,Matchweek 14,Home,Manchester Utd,Arsenal,Y,0.53,0.91,Right Foot,10,52,1-1,Aaron Ramsdale,Marcus Rashford,Marcus Rashford,Pass (Live),Diogo Dalot,Pass (Live),
61,2021-11-23,Champions Lg,Group stage,Away,Manchester Utd,Villarreal,Y,0.18,0.4,Right Foot,21,78,0-0,Gerónimo Rulli,,,,,,
62,2021-11-02,Champions Lg,Group stage,Away,Manchester Utd,Atalanta,Y,0.05,0.47,Right Foot,22,90+1,1-2,Juan Musso,Mason Greenwood,Mason Greenwood,Pass (Live),Cristiano Ronaldo,Pass (Live),Volley
63,2021-11-02,Champions Lg,Group stage,Away,Manchester Utd,Atalanta,Y,0.4,0.9,Right Foot,12,45+1,0-1,Juan Musso,Bruno Fernandes,Bruno Fernandes,Pass (Live),Mason Greenwood,Pass (Live),
64,2021-10-30,Premier League,Matchweek 10,Away,Manchester Utd,Tottenham,Y,0.04,0.54,Right Foot,9,39,0-0,Hugo Lloris,Bruno Fernandes,Bruno Fernandes,Pass (Live),Luke Shaw,Pass (Live),Volley
65,2021-10-20,Champions Lg,Group stage,Home,Manchester Utd,Atalanta,Y,0.29,0.67,Head,9,81,2-2,Juan Musso,Luke Shaw,Luke Shaw,Pass (Live),Fred,Pass (Live),
66,2021-10-12,WCQ,First round,Home,Portugal,Luxembourg,Y*,,,,,87,4-0,Anthony Moris,Rúben Neves,,,,,
67,2021-10-12,WCQ,First round,Home,Portugal,Luxembourg,Y*,,,,,13,1-0,Anthony Moris,,,,,,
68,2021-10-12,WCQ,First round,Home,Portugal,Luxembourg,Y*,,,,,8,0-0,Anthony Moris,,,,,,
69,2021-10-09,Friendlies (M),Friendlies (M),Home,Portugal,Qatar,Y*,,,,,37,0-0,Saad Al Sheeb,,,,,,
70,2021-09-29,Champions Lg,Group stage,Home,Manchester Utd,Villarreal,Y,0.08,0.09,Right Foot,10,90+5,1-1,Gerónimo Rulli,Jesse Lingard,Jesse Lingard,Pass (Live),Cristiano Ronaldo,Pass (Live),
71,2021-09-19,Premier League,Matchweek 5,Away,Manchester Utd,West Ham,Y,0.92,1,Right Foot,3,35,0-1,Łukasz Fabiański,,Cristiano Ronaldo,Shot,,,
72,2021-09-14,Champions Lg,Group stage,Away,Manchester Utd,Young Boys,Y,0.43,0.79,Right Foot,9,13,0-0,David von Ballmoos,Bruno Fernandes,Bruno Fernandes,Pass (Live),Luke Shaw,Pass (Live),
73,2021-09-11,Premier League,Matchweek 4,Home,Manchester Utd,Newcastle Utd,Y,0.17,0.11,Left Foot,10,62,1-1,Freddie Woodman,Luke Shaw,Luke Shaw,Pass (Live),Paul Pogba,Pass (Live),
74,2021-09-11,Premier League,Matchweek 4,Home,Manchester Utd,Newcastle Utd,Y,0.93,0.97,Right Foot,3,45+2,0-0,Freddie Woodman,,Mason Greenwood,Shot,,,
75,2021-09-01,WCQ,First round,Home,Portugal,Rep. of Ireland,Y*,,,,,90+6,1-1,Gavin Bazunu,,,,,,
76,2021-09-01,WCQ,First round,Home,Portugal,Rep. of Ireland,Y*,,,,,89,0-1,Gavin Bazunu,,,,,,
77,2021-06-23,UEFA Euro,Group stage,Neutral,Portugal,France,Y*,0.79,0.99,Right Foot,13,60,1-2,Hugo Lloris,,,Fouled,João Moutinho,Pass (Live),
78,2021-06-23,UEFA Euro,Group stage,Neutral,Portugal,France,Y*,0.79,0.97,Right Foot,13,31,0-0,Hugo Lloris,,Danilo Pereira,Fouled,Danilo Pereira,Shot,
79,2021-06-19,UEFA Euro,Group stage,Neutral,Portugal,Germany,Y*,0.86,0.93,Left Foot,4,15,0-0,Manuel Neuer,Diogo Jota,Diogo Jota,Pass (Live),Bernardo Silva,Pass (Live),
80,2021-06-15,UEFA Euro,Group stage,Neutral,Portugal,Hungary,Y*,0.67,0.89,Left Foot,6,90+2,2-0,Péter Gulácsi,Rafa Silva,Cristiano Ronaldo,Take-On,Rafa Silva,Pass (Live),
81,2021-06-15,UEFA Euro,Group stage,Neutral,Portugal,Hungary,Y*,0.79,0.99,Right Foot,13,87,1-0,Péter Gulácsi,,Rafa Silva,Fouled,Renato Sanches,Pass (Live),
82,2021-06-09,Friendlies (M),Friendlies (M),Home,Portugal,Israel,Y*,,,,,44,1-0,Ofir Marciano,Bruno Fernandes,,,,,
83,2021-05-15,Serie A,Matchweek 37,Home,Juventus,Inter,Y,0.35,0.42,Right Foot,7,24,0-0,Samir Handanović,,Cristiano Ronaldo,Shot,,,
84,2021-05-12,Serie A,Matchweek 36,Away,Juventus,Sassuolo,Y,0.37,0.55,Left Foot,15,45,1-0,Andrea Consigli,Adrien Rabiot,Cristiano Ronaldo,Take-On,Adrien Rabiot,Pass (Live),
85,2021-05-02,Serie A,Matchweek 34,Away,Juventus,Udinese,Y,0.24,0.52,Head,5,89,1-1,Simone Scuffet,Adrien Rabiot,Adrien Rabiot,Pass (Live),Adrien Rabiot,Take-On,Deflected
86,2021-05-02,Serie A,Matchweek 34,Away,Juventus,Udinese,Y,0.79,0.99,Right Foot,13,83,0-1,Simone Scuffet,,,Fouled,Cristiano Ronaldo,Shot,
87,2021-04-07,Serie A,Matchweek 3,Home,Juventus,Napoli,Y,0.3,0.73,Right Foot,12,13,0-0,Alex Meret,Federico Chiesa,Federico Chiesa,Pass (Live),Federico Chiesa,Take-On,
88,2021-04-03,Serie A,Matchweek 29,Away,Juventus,Torino,Y,0.61,0.97,Head,3,79,1-2,Salvatore Sirigu,Giorgio Chiellini,Giorgio Chiellini,Shot,,,
89,2021-03-30,WCQ,First round,Away,Portugal,Luxembourg,Y*,,,,,51,1-1,Anthony Moris,João Cancelo,,,,,
90,2021-03-14,Serie A,Matchweek 27,Away,Juventus,Cagliari,Y,0.06,0.44,Left Foot,14,32,2-0,Alessio Cragno,Federico Chiesa,Federico Chiesa,Pass (Live),Álvaro Morata,Pass (Live),
91,2021-03-14,Serie A,Matchweek 27,Away,Juventus,Cagliari,Y,0.79,0.97,Right Foot,13,25,1-0,Alessio Cragno,,Cristiano Ronaldo,Fouled,Álvaro Morata,Pass (Live),
92,2021-03-14,Serie A,Matchweek 27,Away,Juventus,Cagliari,Y,0.15,0.16,Head,7,10,0-0,Alessio Cragno,Juan Cuadrado,Juan Cuadrado,Pass (Dead),Cristiano Ronaldo,Shot,
93,2021-03-02,Serie A,Matchweek 25,Home,Juventus,Spezia,Y,0.33,0.76,Left Foot,19,89,2-0,Ivan Provedel,Rodrigo Bentancur,Rodrigo Bentancur,Pass (Live),,,
94,2021-02-27,Serie A,Matchweek 24,Away,Juventus,Hellas Verona,Y,0.32,0.74,Right Foot,14,49,0-0,Marco Silvestri,Federico Chiesa,Federico Chiesa,Pass (Live),Aaron Ramsey,Pass (Live),
95,2021-02-22,Serie A,Matchweek 23,Home,Juventus,Crotone,Y,0.34,0.83,Head,7,45+1,1-0,Alex Cordaz,Aaron Ramsey,Aaron Ramsey,Pass (Live),Cristiano Ronaldo,Shot,
96,2021-02-22,Serie A,Matchweek 23,Home,Juventus,Crotone,Y,0.11,0.18,Head,7,38,0-0,Alex Cordaz,Alex Sandro,Alex Sandro,Pass (Live),Weston McKennie,Pass (Live),
97,2021-02-06,Serie A,Matchweek 21,Home,Juventus,Roma,Y,0.04,0.46,Left Foot,21,13,0-0,Pau López,Álvaro Morata,Álvaro Morata,Pass (Live),Alex Sandro,Pass (Live),
98,2021-02-02,Coppa Italia,Semi-finals,Away,Juventus,Inter,Y,,,,,35,1-1,Samir Handanović,,,,,,
99,2021-02-02,Coppa Italia,Semi-finals,Away,Juventus,Inter,Y,,,,,26,0-1,Samir Handanović,,,,,,
100,2021-01-20,Supercoppa,Supercoppa Italiana,Neutral,Juventus,Napoli,Y,,,,,64,0-0,David Ospina,,,,,,
101,2021-01-10,Serie A,Matchweek 17,Home,Juventus,Sassuolo,Y,0.19,0.13,Right Foot,12,90+2,2-1,Andrea Consigli,Danilo,Danilo,Pass (Live),Wojciech Szczęsny,Pass (Live),
102,2021-01-03,Serie A,Matchweek 15,Home,Juventus,Udinese,Y,0.33,0.92,Left Foot,14,70,2-0,Juan Musso,Rodrigo Bentancur,Rodrigo Bentancur,Pass (Live),Rodrigo Bentancur,Interception,
103,2021-01-03,Serie A,Matchweek 15,Home,Juventus,Udinese,Y,0.06,0.27,Right Foot,13,31,0-0,Juan Musso,Aaron Ramsey,Aaron Ramsey,Tackle,,,
104,2020-12-19,Serie A,Matchweek 13,Away,Juventus,Parma,Y,0.06,0.61,Left Foot,13,48,2-0,Luigi Sepe,Aaron Ramsey,Aaron Ramsey,Pass (Live),Álvaro Morata,Pass (Live),
105,2020-12-19,Serie A,Matchweek 13,Away,Juventus,Parma,Y,0.32,0.81,Head,8,26,1-0,Luigi Sepe,Álvaro Morata,Álvaro Morata,Pass (Live),Matthijs de Ligt,Pass (Live),
106,2020-12-13,Serie A,Matchweek 11,Away,Juventus,Genoa,Y,0.79,0.98,Right Foot,13,89,2-1,Mattia Perin,,Álvaro Morata,Fouled,Álvaro Morata,Shot,
107,2020-12-13,Serie A,Matchweek 11,Away,Juventus,Genoa,Y,0.79,0.82,Right Foot,13,78,1-1,Mattia Perin,,Juan Cuadrado,Fouled,Rodrigo Bentancur,Pass (Live),
108,2020-12-08,Champions Lg,Group stage,Away,Juventus,Barcelona,Y,0.79,0.99,Right Foot,13,52,2-0,Marc-André ter Stegen,,,Fouled,Weston McKennie,Pass (Live),
109,2020-12-08,Champions Lg,Group stage,Away,Juventus,Barcelona,Y,0.79,0.88,Right Foot,13,13,0-0,Marc-André ter Stegen,,Cristiano Ronaldo,Fouled,Juan Cuadrado,Pass (Live),
110,2020-12-02,Champions Lg,Group stage,Home,Juventus,Dynamo Kyiv,Y,0.9,0.95,Right Foot,1,57,1-0,Heorhiy Bushchan,Álvaro Morata,Aaron Ramsey,Pass (Live),Rodrigo Bentancur,Pass (Live),
111,2020-11-24,Champions Lg,Group stage,Home,Juventus,Ferencváros,Y,0.05,0.25,Left Foot,26,35,0-1,Dénes Dibusz,Juan Cuadrado,Cristiano Ronaldo,Take-On,Juan Cuadrado,Pass (Live),
112,2020-11-21,Serie A,Matchweek 8,Home,Juventus,Cagliari,Y,0.41,0.78,Right Foot,4,42,1-0,Alessio Cragno,Merih Demiral,Merih Demiral,Shot,,,Volley
113,2020-11-21,Serie A,Matchweek 8,Home,Juventus,Cagliari,Y,0.05,0.42,Right Foot,15,38,0-0,Alessio Cragno,Álvaro Morata,Álvaro Morata,Pass (Live),Federico Bernardeschi,Pass (Live),
114,2020-11-11,Friendlies (M),Friendlies (M),Home,Portugal,Andorra,N,,,,,85,5-0,Josep Gómes,Mário Rui,,,,,
115,2020-11-08,Serie A,Matchweek 7,Away,Juventus,Lazio,Y,0.71,0.88,Right Foot,4,15,0-0,Pepe Reina,Juan Cuadrado,Juan Cuadrado,Pass (Live),Rodrigo Bentancur,Pass (Live),Volley
116,2020-11-01,Serie A,Matchweek 6,Away,Juventus,Spezia,N,0.79,0.92,Right Foot,13,76,3-1,Ivan Provedel,,Federico Chiesa,Fouled,Federico Chiesa,Take-On,
117,2020-11-01,Serie A,Matchweek 6,Away,Juventus,Spezia,N,0.64,0.82,Right Foot,12,59,1-1,Ivan Provedel,Álvaro Morata,Cristiano Ronaldo,Take-On,Álvaro Morata,Pass (Live),
118,2020-09-27,Serie A,Matchweek 2,Away,Juventus,Roma,Y,0.54,0.86,Head,5,69,1-2,Antonio Mirante,Danilo,Danilo,Pass (Live),Douglas Costa,Pass (Live),
119,2020-09-27,Serie A,Matchweek 2,Away,Juventus,Roma,Y,0.79,0.99,Right Foot,13,44,0-1,Antonio Mirante,,,Fouled,Cristiano Ronaldo,Take-On,
120,2020-09-20,Serie A,Matchweek 1,Home,Juventus,Sampdoria,Y,0.06,0.68,Right Foot,14,88,2-0,Emil Audero,Aaron Ramsey,Aaron Ramsey,Pass (Live),Aaron Ramsey,Take-On,
121,2020-09-08,UEFA Nations League,League A,Away,Portugal,Sweden,Y*,,,,,72,1-0,Robin Olsen,João Félix,,,,,
122,2020-09-08,UEFA Nations League,League A,Away,Portugal,Sweden,Y*,,,,,45+1,0-0,Robin Olsen,,,,,,
123,2020-08-07,Champions Lg,Round of 16,Home,Juventus,Lyon,Y,0.03,0.33,Left Foot,27,60,1-1,Anthony Lopes,Federico Bernardeschi,Federico Bernardeschi,Pass (Live),Miralem Pjanić,Pass (Live),
124,2020-08-07,Champions Lg,Round of 16,Home,Juventus,Lyon,Y,0.79,0.98,Right Foot,13,43,0-1,Anthony Lopes,,,Fouled,Miralem Pjanić,Shot,
125,2020-07-26,Serie A,Matchweek 36,Home,Juventus,Sampdoria,Y,0.07,0.35,Right Foot,16,45+7,0-0,Emil Audero,Miralem Pjanić,Miralem Pjanić,Pass (Dead),Adrien Rabiot,Fouled,Deflected
126,2020-07-20,Serie A,Matchweek 34,Home,Juventus,Lazio,Y,0.6,0.84,Left Foot,8,54,1-0,Thomas Strakosha,Paulo Dybala,Paulo Dybala,Pass (Live),,,
127,2020-07-20,Serie A,Matchweek 34,Home,Juventus,Lazio,Y,0.79,0.99,Right Foot,13,51,0-0,Thomas Strakosha,,,Fouled,Cristiano Ronaldo,Shot,
128,2020-07-11,Serie A,Matchweek 32,Home,Juventus,Atalanta,Y,0.79,0.99,Right Foot,13,90,1-2,Pierluigi Gollini,,,Fouled,Cristiano Ronaldo,Shot,
129,2020-07-11,Serie A,Matchweek 32,Home,Juventus,Atalanta,Y,0.79,0.98,Right Foot,13,55,0-1,Pierluigi Gollini,,,Fouled,Blaise Matuidi,Pass (Live),
130,2020-07-07,Serie A,Matchweek 31,Away,Juventus,Milan,Y,0.29,0.57,Left Foot,17,53,1-0,Gianluigi Donnarumma,Juan Cuadrado,Juan Cuadrado,Pass (Live),Daniele Rugani,Pass (Live),
131,2020-07-04,Serie A,Matchweek 30,Home,Juventus,Torino,Y,0.08,0.43,Right Foot,28,61,2-1,Salvatore Sirigu,,,Fouled,Danilo,Shot,
132,2020-06-30,Serie A,Matchweek 29,Away,Juventus,Genoa,Y,0.02,0.38,Right Foot,31,56,1-0,Mattia Perin,Miralem Pjanić,Miralem Pjanić,Pass (Live),Adrien Rabiot,Pass (Live),
133,2020-06-26,Serie A,Matchweek 28,Home,Juventus,Lecce,Y,0.79,0.89,Right Foot,13,62,1-0,Gabriel,,Cristiano Ronaldo,Fouled,Juan Cuadrado,Pass (Live),
134,2020-06-22,Serie A,Matchweek 27,Away,Juventus,Bologna,Y,0.79,0.9,Right Foot,13,23,0-0,Łukasz Skorupski,,Matthijs de Ligt,Fouled,Mattia De Sciglio,Pass (Live),
135,2020-02-22,Serie A,Matchweek 25,Away,Juventus,SPAL,Y,0.35,0.78,Right Foot,10,39,0-0,Etrit Berisha,Juan Cuadrado,Juan Cuadrado,Pass (Live),Aaron Ramsey,Pass (Live),
136,2020-02-13,Coppa Italia,Semi-finals,Away,Juventus,Milan,Y,,,,,90+1,0-1,Gianluigi Donnarumma,,,,,,
137,2020-02-08,Serie A,Matchweek 23,Away,Juventus,Hellas Verona,Y,0.11,0.43,Right Foot,16,65,0-0,Marco Silvestri,Rodrigo Bentancur,Rodrigo Bentancur,Pass (Live),Cristiano Ronaldo,Pass (Live),
138,2020-02-02,Serie A,Matchweek 22,Home,Juventus,Fiorentina,Y,0.79,1,Right Foot,13,80,1-0,Bartłomiej Drągowski,,Rodrigo Bentancur,Fouled,Rodrigo Bentancur,Take-On,
139,2020-02-02,Serie A,Matchweek 22,Home,Juventus,Fiorentina,Y,0.79,1,Right Foot,13,40,0-0,Bartłomiej Drągowski,,,Fouled,Miralem Pjanić,Shot,
140,2020-01-26,Serie A,Matchweek 21,Away,Juventus,Napoli,Y,0.53,0.88,Right Foot,5,90,0-2,Alex Meret,Rodrigo Bentancur,Rodrigo Bentancur,Pass (Live),Alex Sandro,Pass (Live),Volley
141,2020-01-22,Coppa Italia,Quarter-finals,Home,Juventus,Roma,Y,,,,,26,0-0,Pau López,Gonzalo Higuaín,,,,,
142,2020-01-19,Serie A,Matchweek 20,Home,Juventus,Parma,Y,0.36,0.79,Right Foot,12,58,1-1,Luigi Sepe,Paulo Dybala,Paulo Dybala,Pass (Live),Miralem Pjanić,Pass (Live),
143,2020-01-19,Serie A,Matchweek 20,Home,Juventus,Parma,Y,0.04,0.06,Right Foot,18,43,0-0,Luigi Sepe,Blaise Matuidi,Blaise Matuidi,Pass (Live),Paulo Dybala,Pass (Live),Deflected
144,2020-01-12,Serie A,Matchweek 19,Away,Juventus,Roma,Y,0.79,0.97,Right Foot,13,10,1-0,Pau López,,Paulo Dybala,Fouled,Paulo Dybala,Tackle,
145,2020-01-06,Serie A,Matchweek 18,Home,Juventus,Cagliari,Y,0.31,0.68,Left Foot,8,82,3-0,Robin Olsen,Douglas Costa,Douglas Costa,Pass (Live),,,
146,2020-01-06,Serie A,Matchweek 18,Home,Juventus,Cagliari,Y,0.79,0.99,Right Foot,13,67,1-0,Robin Olsen,,Paulo Dybala,Fouled,Paulo Dybala,Take-On,
147,2020-01-06,Serie A,Matchweek 18,Home,Juventus,Cagliari,Y,0.43,0.42,Right Foot,8,49,0-0,Robin Olsen,,Cristiano Ronaldo,Take-On,Cristiano Ronaldo,Take-On,
148,2019-12-18,Serie A,Matchweek 17,Away,Juventus,Sampdoria,Y,0.07,0.12,Head,4,45,1-1,Emil Audero,Alex Sandro,Alex Sandro,Pass (Live),Leonardo Bonucci,Pass (Live),
149,2019-12-15,Serie A,Matchweek 16,Home,Juventus,Udinese,Y,0.32,0.8,Left Foot,18,37,1-0,Juan Musso,Gonzalo Higuaín,Gonzalo Higuaín,Pass (Live),Mattia De Sciglio,Pass (Live),
150,2019-12-15,Serie A,Matchweek 16,Home,Juventus,Udinese,Y,0.05,0.23,Right Foot,17,9,0-0,Juan Musso,,Leonardo Bonucci,Pass (Live),Mattia De Sciglio,Pass (Live),
151,2019-12-11,Champions Lg,Group stage,Away,Juventus,Leverkusen,Y,0.62,0.63,Right Foot,6,75,0-0,Lukáš Hrádecký,Paulo Dybala,Paulo Dybala,Pass (Live),Miralem Pjanić,Pass (Live),
152,2019-12-07,Serie A,Matchweek 15,Away,Juventus,Lazio,Y,0.67,0.96,Right Foot,5,25,0-0,Thomas Strakosha,Rodrigo Bentancur,Rodrigo Bentancur,Pass (Live),Cristiano Ronaldo,Pass (Live),
153,2019-12-01,Serie A,Matchweek 14,Home,Juventus,Sassuolo,Y,0.79,1,Right Foot,13,68,1-2,Stefano Turati,,Paulo Dybala,Fouled,Cristiano Ronaldo,Pass (Live),
154,2019-11-17,UEFA Euro Qualifying,Group stage,Away,Portugal,Luxembourg,Y,,,,,86,1-0,Anthony Moris,Diogo Jota,,,,,
155,2019-11-14,UEFA Euro Qualifying,Group stage,Home,Portugal,Lithuania,Y*,,,,,65,5-0,Ernestas Šetkus,Bernardo Silva,,,,,
156,2019-11-14,UEFA Euro Qualifying,Group stage,Home,Portugal,Lithuania,Y*,,,,,22,1-0,Ernestas Šetkus,Gonçalo Paciência,,,,,
157,2019-11-14,UEFA Euro Qualifying,Group stage,Home,Portugal,Lithuania,Y*,,,,,7,0-0,Ernestas Šetkus,,,,,,
158,2019-10-30,Serie A,Matchweek 10,Home,Juventus,Genoa,Y,0.79,1,Right Foot,13,90+6,1-1,Ionuț Radu,,Cristiano Ronaldo,Fouled,Paulo Dybala,Pass (Live),
159,2019-10-19,Serie A,Matchweek 8,Home,Juventus,Bologna,Y,0.07,0.22,Right Foot,14,19,0-0,Łukasz Skorupski,,Cristiano Ronaldo,Take-On,,,
160,2019-10-14,UEFA Euro Qualifying,Group stage,Away,Portugal,Ukraine,Y*,,,,,72,0-2,Andriy Pyatov,,,,,,
161,2019-10-11,UEFA Euro Qualifying,Group stage,Home,Portugal,Luxembourg,Y*,,,,,65,1-0,Anthony Moris,,,,,,
162,2019-10-01,Champions Lg,Group stage,Home,Juventus,Leverkusen,Y,0.41,0.4,Right Foot,13,88,2-0,Lukáš Hrádecký,Paulo Dybala,Paulo Dybala,Pass (Live),Rodrigo Bentancur,Pass (Live),
163,2019-09-28,Serie A,Matchweek 6,Home,Juventus,SPAL,Y,0.25,0.45,Head,9,78,1-0,Etrit Berisha,Paulo Dybala,Paulo Dybala,Pass (Live),Miralem Pjanić,Pass (Live),
164,2019-09-21,Serie A,Matchweek 4,Home,Juventus,Hellas Verona,Y,0.79,0.94,Right Foot,13,49,1-1,Marco Silvestri,,Juan Cuadrado,Fouled,Danilo,Pass (Live),
165,2019-09-10,UEFA Euro Qualifying,Group stage,Away,Portugal,Lithuania,Y*,,,,,76,3-1,Ernestas Šetkus,Bernardo Silva,,,,,
166,2019-09-10,UEFA Euro Qualifying,Group stage,Away,Portugal,Lithuania,Y*,,,,,65,2-1,Ernestas Šetkus,Bernardo Silva,,,,,
167,2019-09-10,UEFA Euro Qualifying,Group stage,Away,Portugal,Lithuania,Y*,,,,,62,1-1,Ernestas Šetkus,Rafa Silva,,,,,
168,2019-09-10,UEFA Euro Qualifying,Group stage,Away,Portugal,Lithuania,Y*,,,,,7,0-0,Ernestas Šetkus,,,,,,
169,2019-09-07,UEFA Euro Qualifying,Group stage,Away,Portugal,Serbia,Y*,,,,,80,2-1,Marko Dmitrović,Bernardo Silva,,,,,
170,2019-08-31,Serie A,Matchweek 2,Home,Juventus,Napoli,Y,0.1,0.4,Left Foot,15,62,2-0,Alex Meret,Douglas Costa,Douglas Costa,Pass (Live),Blaise Matuidi,Pass (Live),
171,2019-06-05,UEFA Nations League,Semi-finals,Neutral,Portugal,Switzerland,Y*,,,,,90,2-1,Yann Sommer,Gonçalo Guedes,,,,,
172,2019-06-05,UEFA Nations League,Semi-finals,Neutral,Portugal,Switzerland,Y*,,,,,88,1-1,Yann Sommer,Bernardo Silva,,,,,
173,2019-06-05,UEFA Nations League,Semi-finals,Neutral,Portugal,Switzerland,Y*,,,,,25,0-0,Yann Sommer,,,,,,
174,2019-05-03,Serie A,Matchweek 35,Home,Juventus,Torino,Y,0.3,0.72,Head,8,84,0-1,Salvatore Sirigu,Leonardo Spinazzola,Leonardo Spinazzola,Pass (Live),Matheus Pereira da Silva,Pass (Live),
175,2019-04-27,Serie A,Matchweek 34,Away,Juventus,Inter,Y,0.05,0.2,Left Foot,19,62,0-1,Samir Handanović,Miralem Pjanić,Miralem Pjanić,Pass (Live),Cristiano Ronaldo,Pass (Live),
176,2019-04-16,Champions Lg,Quarter-finals,Home,Juventus,Ajax,Y,0.24,0.59,Head,11,28,0-0,André Onana,Miralem Pjanić,Miralem Pjanić,Pass (Dead),Federico Bernardeschi,Shot,
177,2019-04-10,Champions Lg,Quarter-finals,Away,Juventus,Ajax,Y,0.34,0.88,Head,10,45,0-0,André Onana,João Cancelo,João Cancelo,Pass (Live),Cristiano Ronaldo,Pass (Live),
178,2019-03-12,Champions Lg,Round of 16,Home,Juventus,Atlético Madrid,Y,0.79,0.98,Right Foot,13,86,2-0,Jan Oblak,,Federico Bernardeschi,Fouled,Federico Bernardeschi,Take-On,
179,2019-03-12,Champions Lg,Round of 16,Home,Juventus,Atlético Madrid,Y,0.06,0.17,Head,11,48,1-0,Jan Oblak,João Cancelo,João Cancelo,Pass (Live),Cristiano Ronaldo,Pass (Live),
180,2019-03-12,Champions Lg,Round of 16,Home,Juventus,Atlético Madrid,Y,0.44,0.77,Head,4,27,0-0,Jan Oblak,Federico Bernardeschi,Federico Bernardeschi,Pass (Live),Emre Can,Pass (Live),
181,2019-02-15,Serie A,Matchweek 24,Home,Juventus,Frosinone,Y,0.07,0.17,Right Foot,14,63,2-0,Marco Sportiello,Mario Mandžukić,Mario Mandžukić,Pass (Live),Rodrigo Bentancur,Pass (Live),
182,2019-02-10,Serie A,Matchweek 23,Away,Juventus,Sassuolo,Y,0.22,0.39,Head,6,70,1-0,Andrea Consigli,Miralem Pjanić,Miralem Pjanić,Pass (Dead),Alex Sandro,Pass (Live),
183,2019-02-02,Serie A,Matchweek 22,Home,Juventus,Parma,Y,0.29,0.89,Head,9,66,2-1,Luigi Sepe,Mario Mandžukić,Mario Mandžukić,Pass (Live),João Cancelo,Pass (Live),
184,2019-02-02,Serie A,Matchweek 22,Home,Juventus,Parma,Y,0.07,0.21,Right Foot,13,36,0-0,Luigi Sepe,Blaise Matuidi,Blaise Matuidi,Pass (Live),Sami Khedira,Pass (Live),Deflected
185,2019-01-27,Serie A,Matchweek 21,Away,Juventus,Lazio,Y,0.79,0.95,Right Foot,13,88,1-1,Thomas Strakosha,,João Cancelo,Fouled,Cristiano Ronaldo,Pass (Live),
186,2019-01-16,Supercoppa,Supercoppa Italiana,Neutral,Juventus,Milan,Y,,,,,61,0-0,Gianluigi Donnarumma,Miralem Pjanić,,,,,
187,2018-12-29,Serie A,Matchweek 19,Home,Juventus,Sampdoria,Y,0.79,0.89,Right Foot,13,65,1-1,Emil Audero,,,Fouled,Cristiano Ronaldo,Shot,
188,2018-12-29,Serie A,Matchweek 19,Home,Juventus,Sampdoria,Y,0.04,0.49,Right Foot,19,2,0-0,Emil Audero,Paulo Dybala,Paulo Dybala,Pass (Live),Mattia De Sciglio,Pass (Live),
189,2018-12-26,Serie A,Matchweek 18,Away,Juventus,Atalanta,N,0.55,0.8,Head,3,78,1-2,Etrit Berisha,Mario Mandžukić,Mario Mandžukić,Pass (Live),Miralem Pjanić,Pass (Dead),
190,2018-12-15,Serie A,Matchweek 16,Away,Juventus,Torino,Y,0.79,0.99,Right Foot,13,70,0-0,Salvador Ichazo,,Mario Mandžukić,Fouled,Mario Mandžukić,Interception,
191,2018-12-01,Serie A,Matchweek 14,Away,Juventus,Fiorentina,Y,0.79,0.99,Right Foot,13,79,2-0,Alban Lafont,,,Fouled,João Cancelo,Pass (Live),
192,2018-11-24,Serie A,Matchweek 13,Home,Juventus,SPAL,Y,0.21,0.63,Left Foot,10,28,0-0,Alfred Gomis,Miralem Pjanić,Miralem Pjanić,Pass (Dead),Mattia De Sciglio,Fouled,
193,2018-11-11,Serie A,Matchweek 12,Away,Juventus,Milan,Y,0.47,0.52,Right Foot,9,81,1-0,Gianluigi Donnarumma,,João Cancelo,Shot,,,Volley
194,2018-11-07,Champions Lg,Group stage,Home,Juventus,Manchester Utd,Y,0.1,0.36,Right Foot,13,65,0-0,David de Gea,Leonardo Bonucci,Leonardo Bonucci,Pass (Live),Paulo Dybala,Pass (Live),Volley
195,2018-10-27,Serie A,Matchweek 10,Away,Juventus,Empoli,Y,0.02,0.38,Right Foot,27,70,1-1,Ivan Provedel,Blaise Matuidi,Blaise Matuidi,Pass (Live),Paulo Dybala,Pass (Live),
196,2018-10-27,Serie A,Matchweek 10,Away,Juventus,Empoli,Y,0.79,0.99,Right Foot,13,54,0-1,Ivan Provedel,,Paulo Dybala,Fouled,,,
197,2018-10-20,Serie A,Matchweek 9,Home,Juventus,Genoa,Y,0.42,0.36,Right Foot,3,18,0-0,Ionuț Radu,,João Cancelo,Shot,,,
198,2018-10-06,Serie A,Matchweek 8,Away,Juventus,Udinese,Y,0.06,0.56,Left Foot,14,37,1-0,Simone Scuffet,Mario Mandžukić,Mario Mandžukić,Pass (Live),Rodrigo Bentancur,Pass (Live),
199,2018-09-23,Serie A,Matchweek 5,Away,Juventus,Frosinone,Y,0.33,0.7,Left Foot,13,81,0-0,Marco Sportiello,,Miralem Pjanić,Shot,,,
200,2018-09-16,Serie A,Matchweek 4,Home,Juventus,Sassuolo,Y,0.1,0.39,Left Foot,14,65,1-0,Andrea Consigli,Emre Can,Emre Can,Pass (Live),Douglas Costa,Pass (Live),
201,2018-09-16,Serie A,Matchweek 4,Home,Juventus,Sassuolo,Y,0.86,0.95,Right Foot,2,50,0-0,Andrea Consigli,,,,,,
202,2018-06-20,World Cup,Group stage,Neutral,Portugal,Morocco,Y*,0.45,0.57,Head,6,4,0-0,Munir,João Moutinho,João Moutinho,Pass (Live),Bernardo Silva,Pass (Dead),
203,2018-06-15,World Cup,Group stage,Neutral,Portugal,Spain,Y*,0.07,0.26,Right Foot,26,88,2-3,David de Gea,,Cristiano Ronaldo,Fouled,William Carvalho,Pass (Live),
204,2018-06-15,World Cup,Group stage,Neutral,Portugal,Spain,Y*,0.05,0.2,Left Foot,21,44,1-1,David de Gea,Gonçalo Guedes,Gonçalo Guedes,Pass (Live),Pepe,Pass (Live),
205,2018-06-15,World Cup,Group stage,Neutral,Portugal,Spain,Y*,0.79,0.99,Right Foot,13,4,0-0,David de Gea,,Cristiano Ronaldo,Fouled,Bruno Fernandes,Pass (Live),
206,2018-05-19,La Liga,Matchweek 38,Away,Real Madrid,Villarreal,Y,0.31,0.4,Head,9,32,1-0,Andrés Fernández,Marcelo,Marcelo,Pass (Live),Isco,Pass (Live),
207,2018-05-06,La Liga,Matchweek 36,Away,Real Madrid,Barcelona,Y,0.94,0.98,Right Foot,2,14,0-1,Marc-André ter Stegen,Karim Benzema,Karim Benzema,Pass (Live),Toni Kroos,Pass (Live),
208,2018-04-18,La Liga,Matchweek 33,Home,Real Madrid,Athletic Club,Y,0.13,0.66,Right Foot,11,87,0-1,Kepa Arrizabalaga,Luka Modrić,Luka Modrić,Shot,,,
209,2018-04-11,Champions Lg,Quarter-finals,Home,Real Madrid,Juventus,Y,0.79,0.99,Right Foot,13,90+7,0-3,Wojciech Szczęsny,,Lucas Vázquez,Fouled,Toni Kroos,Pass (Live),
210,2018-04-08,La Liga,Matchweek 31,Home,Real Madrid,Atlético Madrid,Y,0.06,0.22,Right Foot,12,53,0-0,Jan Oblak,Gareth Bale,Gareth Bale,Pass (Live),Marco Asensio,Pass (Live),Volley
211,2018-04-03,Champions Lg,Quarter-finals,Away,Real Madrid,Juventus,Y,0.07,0.34,Right Foot,13,64,1-0,Gianluigi Buffon,Dani Carvajal,Dani Carvajal,Pass (Live),Lucas Vázquez,Shot,Volley
212,2018-04-03,Champions Lg,Quarter-finals,Away,Real Madrid,Juventus,Y,0.46,0.95,Right Foot,9,3,0-0,Gianluigi Buffon,Isco,Isco,Pass (Live),Marcelo,Pass (Live),
213,2018-03-23,Friendlies (M),Friendlies (M),Home,Portugal,Egypt,Y*,,,,,90+4,1-1,Mohamed El-Shenawy,Ricardo Quaresma,,,,,
214,2018-03-23,Friendlies (M),Friendlies (M),Home,Portugal,Egypt,Y*,,,,,90+2,0-1,Mohamed El-Shenawy,Ricardo Quaresma,,,,,
215,2018-03-18,La Liga,Matchweek 29,Home,Real Madrid,Girona,Y,0.37,0.54,Right Foot,15,90+1,5-3,Yassine Bounou,Toni Kroos,Toni Kroos,Pass (Live),Lucas Vázquez,Pass (Live),
216,2018-03-18,La Liga,Matchweek 29,Home,Real Madrid,Girona,Y,0.73,0.98,Right Foot,3,64,3-1,Yassine Bounou,,Karim Benzema,Shot,,,
217,2018-03-18,La Liga,Matchweek 29,Home,Real Madrid,Girona,Y,0.4,0.67,Left Foot,13,47,1-1,Yassine Bounou,Karim Benzema,Karim Benzema,Pass (Live),Lucas Vázquez,Pass (Live),
218,2018-03-18,La Liga,Matchweek 29,Home,Real Madrid,Girona,Y,0.09,0.29,Left Foot,13,11,0-0,Yassine Bounou,Toni Kroos,Toni Kroos,Pass (Live),Marcelo,Pass (Live),
219,2018-03-10,La Liga,Matchweek 28,Away,Real Madrid,Eibar,Y,0.49,0.54,Head,6,84,1-1,Marko Dmitrović,Dani Carvajal,Dani Carvajal,Pass (Live),Luka Modrić,Pass (Live),
220,2018-03-10,La Liga,Matchweek 28,Away,Real Madrid,Eibar,Y,0.33,0.79,Right Foot,13,34,0-0,Marko Dmitrović,Luka Modrić,Luka Modrić,Pass (Live),Luka Modrić,Interception,
221,2018-03-06,Champions Lg,Round of 16,Away,Real Madrid,Paris S-G,Y,0.32,0.18,Head,5,51,0-0,Alphonse Areola,Lucas Vázquez,Lucas Vázquez,Pass (Live),Marco Asensio,Pass (Live),
222,2018-03-03,La Liga,Matchweek 27,Home,Real Madrid,Getafe,Y,0.33,0.38,Head,4,78,2-1,Emiliano Martínez,Marcelo,Marcelo,Pass (Live),Sergio Ramos,Pass (Live),
223,2018-03-03,La Liga,Matchweek 27,Home,Real Madrid,Getafe,Y,0.2,0.59,Left Foot,16,45+1,1-0,Emiliano Martínez,Karim Benzema,Cristiano Ronaldo,Take-On,Karim Benzema,Pass (Live),
224,2018-02-24,La Liga,Matchweek 25,Home,Real Madrid,Alavés,Y*,0.3,0.77,Right Foot,12,61,2-0,Fernando Pacheco,Lucas Vázquez,Lucas Vázquez,Pass (Live),Gareth Bale,Pass (Live),
225,2018-02-24,La Liga,Matchweek 25,Home,Real Madrid,Alavés,Y*,0.1,0.46,Left Foot,15,44,0-0,Fernando Pacheco,Karim Benzema,Karim Benzema,Pass (Live),Dani Carvajal,Pass (Live),
226,2018-02-18,La Liga,Matchweek 24,Away,Real Madrid,Betis,Y,0.17,0.04,Right Foot,12,65,3-2,Antonio Adán,Casemiro,Cristiano Ronaldo,Take-On,Casemiro,Pass (Live),
227,2018-02-14,Champions Lg,Round of 16,Home,Real Madrid,Paris S-G,Y,0.63,0.81,Left Foot,6,83,1-1,Alphonse Areola,,Luka Modrić,Pass (Live),,,Volley
228,2018-02-14,Champions Lg,Round of 16,Home,Real Madrid,Paris S-G,Y,0.79,0.97,Right Foot,13,45,0-1,Alphonse Areola,,Toni Kroos,Fouled,Marcelo,Pass (Live),
229,2018-02-10,La Liga,Matchweek 23,Home,Real Madrid,Real Sociedad,Y,0.81,0.9,Left Foot,4,80,4-1,Gerónimo Rulli,,Cristiano Ronaldo,Take-On,Gareth Bale,Shot,
230,2018-02-10,La Liga,Matchweek 23,Home,Real Madrid,Real Sociedad,Y,0.09,0.21,Head,10,37,3-0,Gerónimo Rulli,Luka Modrić,Luka Modrić,Pass (Dead),,,
231,2018-02-10,La Liga,Matchweek 23,Home,Real Madrid,Real Sociedad,Y,0.43,0.55,Right Foot,12,27,1-0,Gerónimo Rulli,Marcelo,Marcelo,Pass (Live),Marco Asensio,Pass (Live),
232,2018-01-27,La Liga,Matchweek 21,Away,Real Madrid,Valencia,Y,0.79,0.99,Right Foot,13,38,1-0,Neto,,Karim Benzema,Fouled,Toni Kroos,Pass (Live),
233,2018-01-27,La Liga,Matchweek 21,Away,Real Madrid,Valencia,Y,0.79,0.98,Right Foot,13,16,0-0,Neto,,Cristiano Ronaldo,Fouled,Karim Benzema,Pass (Live),
234,2018-01-21,La Liga,Matchweek 20,Home,Real Madrid,La Coruña,Y,0.07,0.43,Head,10,84,5-1,Rubén,Lucas Vázquez,Lucas Vázquez,Pass (Live),Dani Carvajal,Pass (Live),
235,2018-01-21,La Liga,Matchweek 20,Home,Real Madrid,La Coruña,Y,0.52,0.91,Left Foot,5,78,4-1,Rubén,Casemiro,Casemiro,Pass (Live),Gareth Bale,Pass (Live),
236,2017-12-09,La Liga,Matchweek 15,Home,Real Madrid,Sevilla,Y,0.79,0.95,Right Foot,13,31,2-0,Sergio Rico,,,Fouled,Cristiano Ronaldo,Pass (Live),
237,2017-12-09,La Liga,Matchweek 15,Home,Real Madrid,Sevilla,Y,0.35,0.74,Right Foot,14,23,1-0,Sergio Rico,Marco Asensio,Marco Asensio,Pass (Live),Luka Modrić,Pass (Live),
238,2017-12-06,Champions Lg,Group stage,Home,Real Madrid,Dortmund,Y,0.03,0.35,Right Foot,22,12,1-0,Roman Bürki,Mateo Kovačić,Mateo Kovačić,Pass (Live),Nacho,Pass (Live),
239,2017-11-25,La Liga,Matchweek 13,Home,Real Madrid,Málaga,Y,0.33,0.29,Left Foot,7,76,2-2,Roberto,,Cristiano Ronaldo,Shot,,,
240,2017-11-21,Champions Lg,Group stage,Away,Real Madrid,APOEL FC,Y,0.18,0.07,Left Foot,18,54,5-0,Nauzet Pérez,,,,,,
241,2017-11-21,Champions Lg,Group stage,Away,Real Madrid,APOEL FC,Y,0.45,0.58,Head,6,49,4-0,Nauzet Pérez,Marcelo,Marcelo,Pass (Live),Marco Asensio,Pass (Live),
242,2017-11-01,Champions Lg,Group stage,Away,Real Madrid,Tottenham,Y,0.53,0.72,Right Foot,9,80,0-3,Hugo Lloris,Borja Mayoral,Borja Mayoral,Pass (Live),Marcelo,Pass (Live),Deflected
243,2017-10-17,Champions Lg,Group stage,Home,Real Madrid,Tottenham,Y,0.79,0.99,Right Foot,13,43,0-1,Hugo Lloris,,Toni Kroos,Fouled,Karim Benzema,Pass (Live),
244,2017-10-14,La Liga,Matchweek 8,Away,Real Madrid,Getafe,Y,0.31,0.73,Right Foot,13,85,1-1,Vicente Guaita,Isco,Isco,Pass (Live),Toni Kroos,Pass (Live),
245,2017-10-07,WCQ,First round,Away,Portugal,Andorra,N,,,,,63,0-0,Josep Gómes,,,,,,
246,2017-09-26,Champions Lg,Group stage,Away,Real Madrid,Dortmund,Y,0.36,0.54,Right Foot,13,79,2-1,Roman Bürki,Luka Modrić,Luka Modrić,Pass (Live),Raphaël Varane,Pass (Live),
247,2017-09-26,Champions Lg,Group stage,Away,Real Madrid,Dortmund,Y,0.44,0.85,Left Foot,10,49,1-0,Roman Bürki,Gareth Bale,Gareth Bale,Pass (Live),Toni Kroos,Pass (Live),
248,2017-09-13,Champions Lg,Group stage,Home,Real Madrid,APOEL FC,Y,0.79,0.99,Right Foot,13,51,1-0,Boy Waterman,,,Fouled,,,
249,2017-09-13,Champions Lg,Group stage,Home,Real Madrid,APOEL FC,Y,0.36,0.97,Right Foot,5,12,0-0,Boy Waterman,Gareth Bale,Gareth Bale,Pass (Live),Isco,Pass (Live),
250,2017-08-31,WCQ,First round,Home,Portugal,Faroe Islands,Y*,,,,,64,3-1,Gunnar Nielsen,William Carvalho,,,,,
251,2017-08-31,WCQ,First round,Home,Portugal,Faroe Islands,Y*,,,,,29,1-0,Gunnar Nielsen,,,,,,
252,2017-08-31,WCQ,First round,Home,Portugal,Faroe Islands,Y*,,,,,3,0-0,Gunnar Nielsen,Bernardo Silva,,,,,
253,2017-08-13,Supercopa de España,Supercopa de España,Neutral,Real Madrid,Barcelona,N,,,,,80,1-1,Marc-André ter Stegen,Isco,,,,,
254,2017-06-24,FIFA Confederations Cup,Group stage,Neutral,Portugal,New Zealand,Y*,,,,,33,0-0,Stefan Marinovic,,,,,,
255,2017-06-21,FIFA Confederations Cup,Group stage,Neutral,Portugal,Russia,Y*,,,,,8,0-0,Igor Akinfeev,Raphaël Guerreiro,,,,,
256,2017-06-09,WCQ,First round,Away,Portugal,Latvia,Y*,,,,,63,1-0,Andris Vaņins,,,,,,
257,2017-06-09,WCQ,First round,Away,Portugal,Latvia,Y*,,,,,41,0-0,Andris Vaņins,José Fonte,,,,,
258,2017-06-03,Champions Lg,Final,Neutral,Real Madrid,Juventus,Y,,,,,64,2-1,Gianluigi Buffon,Luka Modrić,,,,,
259,2017-06-03,Champions Lg,Final,Neutral,Real Madrid,Juventus,Y,,,,,20,0-0,Gianluigi Buffon,Dani Carvajal,,,,,
260,2017-05-21,La Liga,Matchweek 38,Away,Real Madrid,Málaga,Y,,,,,2,0-0,Carlos Kameni,Isco,,,,,
261,2017-05-17,La Liga,Matchweek 21,Away,Real Madrid,Celta Vigo,Y,,,,,48,1-0,Sergio Álvarez,Isco,,,,,
262,2017-05-17,La Liga,Matchweek 21,Away,Real Madrid,Celta Vigo,Y,,,,,10,0-0,Sergio Álvarez,Isco,,,,,
263,2017-05-14,La Liga,Matchweek 37,Home,Real Madrid,Sevilla,Y,,,,,78,2-1,Sergio Rico,Toni Kroos,,,,,
264,2017-05-14,La Liga,Matchweek 37,Home,Real Madrid,Sevilla,Y,,,,,23,1-0,Sergio Rico,,,,,,
265,2017-05-02,Champions Lg,Semi-finals,Home,Real Madrid,Atlético Madrid,Y,,,,,86,2-0,Jan Oblak,Lucas Vázquez,,,,,
266,2017-05-02,Champions Lg,Semi-finals,Home,Real Madrid,Atlético Madrid,Y,,,,,73,1-0,Jan Oblak,Karim Benzema,,,,,
267,2017-05-02,Champions Lg,Semi-finals,Home,Real Madrid,Atlético Madrid,Y,,,,,10,0-0,Jan Oblak,Casemiro,,,,,
268,2017-04-29,La Liga,Matchweek 35,Home,Real Madrid,Valencia,Y,,,,,27,0-0,Diego Alves,Dani Carvajal,,,,,
269,2017-04-18,Champions Lg,Quarter-finals,Home,Real Madrid,Bayern Munich,Y,,,,,110,2-2,Manuel Neuer,Marcelo,,,,,
270,2017-04-18,Champions Lg,Quarter-finals,Home,Real Madrid,Bayern Munich,Y,,,,,105,1-2,Manuel Neuer,Sergio Ramos,,,,,
271,2017-04-18,Champions Lg,Quarter-finals,Home,Real Madrid,Bayern Munich,Y,,,,,76,0-1,Manuel Neuer,Casemiro,,,,,
272,2017-04-12,Champions Lg,Quarter-finals,Away,Real Madrid,Bayern Munich,Y,,,,,77,1-1,Manuel Neuer,Marco Asensio,,,,,
273,2017-04-12,Champions Lg,Quarter-finals,Away,Real Madrid,Bayern Munich,Y,,,,,47,0-1,Manuel Neuer,Dani Carvajal,,,,,
274,2017-03-28,Friendlies (M),Friendlies (M),Home,Portugal,Sweden,Y*,,,,,18,0-0,Karl-Johan Johnsson,Gelson Martins,,,,,
275,2017-03-25,WCQ,First round,Home,Portugal,Hungary,Y*,,,,,65,2-0,Péter Gulácsi,,,,,,
276,2017-03-25,WCQ,First round,Home,Portugal,Hungary,Y*,,,,,36,1-0,Péter Gulácsi,André Gomes,,,,,
277,2017-03-12,La Liga,Matchweek 27,Home,Real Madrid,Betis,Y,,,,,41,0-1,Antonio Adán,Marcelo,,,,,
278,2017-03-01,La Liga,Matchweek 25,Home,Real Madrid,Las Palmas,Y,,,,,89,2-3,Javi Varas,James Rodríguez,,,,,
279,2017-03-01,La Liga,Matchweek 25,Home,Real Madrid,Las Palmas,Y,,,,,86,1-3,Javi Varas,,,,,,
280,2017-02-26,La Liga,Matchweek 24,Away,Real Madrid,Villarreal,Y,,,,,74,1-2,Andrés Fernández,,,,,,
281,2017-02-22,La Liga,Matchweek 16,Away,Real Madrid,Valencia,Y,,,,,44,0-2,Diego Alves,Marcelo,,,,,
282,2017-02-11,La Liga,Matchweek 22,Away,Real Madrid,Osasuna,Y,,,,,24,0-0,Salvatore Sirigu,Karim Benzema,,,,,
283,2017-01-29,La Liga,Matchweek 20,Home,Real Madrid,Real Sociedad,Y,,,,,51,1-0,Gerónimo Rulli,Mateo Kovačić,,,,,
284,2017-01-25,Copa del Rey,Quarter-finals,Away,Real Madrid,Celta Vigo,Y,,,,,62,0-1,Sergio Álvarez,,,,,,
285,2017-01-15,La Liga,Matchweek 18,Away,Real Madrid,Sevilla,Y,,,,,67,0-0,Sergio Rico,,,,,,
286,2017-01-07,La Liga,Matchweek 17,Home,Real Madrid,Granada,Y,,,,,27,2-0,Guillermo Ochoa,Marcelo,,,,,
287,2016-11-26,La Liga,Matchweek 13,Home,Real Madrid,Sporting Gijón,Y,,,,,18,1-0,Diego Mariño,Nacho,,,,,
288,2016-11-26,La Liga,Matchweek 13,Home,Real Madrid,Sporting Gijón,Y,,,,,5,0-0,Diego Mariño,,,,,,
289,2016-11-19,La Liga,Matchweek 12,Away,Real Madrid,Atlético Madrid,Y,,,,,77,2-0,Jan Oblak,Gareth Bale,,,,,
290,2016-11-19,La Liga,Matchweek 12,Away,Real Madrid,Atlético Madrid,Y,,,,,71,1-0,Jan Oblak,,,,,,
291,2016-11-19,La Liga,Matchweek 12,Away,Real Madrid,Atlético Madrid,Y,,,,,23,0-0,Jan Oblak,,,,,,
292,2016-11-13,WCQ,First round,Home,Portugal,Latvia,Y*,,,,,85,2-1,Andris Vaņins,Ricardo Quaresma,,,,,
293,2016-11-13,WCQ,First round,Home,Portugal,Latvia,Y*,,,,,28,0-0,Andris Vaņins,,,,,,
294,2016-10-29,La Liga,Matchweek 10,Away,Real Madrid,Alavés,Y,,,,,88,3-1,Fernando Pacheco,Marcelo,,,,,
295,2016-10-29,La Liga,Matchweek 10,Away,Real Madrid,Alavés,Y,,,,,33,1-1,Fernando Pacheco,Karim Benzema,,,,,
296,2016-10-29,La Liga,Matchweek 10,Away,Real Madrid,Alavés,Y,,,,,17,0-1,Fernando Pacheco,,,,,,
297,2016-10-15,La Liga,Matchweek 8,Away,Real Madrid,Betis,Y,,,,,78,5-1,Antonio Adán,Álvaro Morata,,,,,
298,2016-10-10,WCQ,First round,Away,Portugal,Faroe Islands,Y*,,,,,65,3-0,Gunnar Nielsen,João Mário,,,,,
299,2016-10-07,WCQ,First round,Home,Portugal,Andorra,Y*,,,,,68,4-0,Josep Gómes,José Fonte,,,,,
300,2016-10-07,WCQ,First round,Home,Portugal,Andorra,Y*,,,,,47,3-0,Josep Gómes,André Gomes,,,,,
301,2016-10-07,WCQ,First round,Home,Portugal,Andorra,Y*,,,,,4,1-0,Josep Gómes,Ricardo Quaresma,,,,,
302,2016-10-07,WCQ,First round,Home,Portugal,Andorra,Y*,,,,,2,0-0,Josep Gómes,,,,,,
303,2016-09-27,Champions Lg,Group stage,Away,Real Madrid,Dortmund,Y,,,,,17,0-0,Roman Bürki,Gareth Bale,,,,,
304,2016-09-14,Champions Lg,Group stage,Home,Real Madrid,Sporting CP,Y,,,,,89,0-1,Rui Patrício,,,,,,
305,2016-09-10,La Liga,Matchweek 3,Home,Real Madrid,Osasuna,Y,,,,,6,0-0,Nauzet Pérez,Gareth Bale,,,,,
306,2016-07-06,UEFA Euro,Semi-finals,Neutral,Portugal,Wales,Y*,,,,,50,0-0,Wayne Hennessey,Raphaël Guerreiro,,,,,
307,2016-06-22,UEFA Euro,Group stage,Neutral,Portugal,Hungary,Y*,,,,,62,2-3,Gábor Király,Ricardo Quaresma,,,,,
308,2016-06-22,UEFA Euro,Group stage,Neutral,Portugal,Hungary,Y*,,,,,50,1-2,Gábor Király,João Mário,,,,,
309,2016-06-08,Friendlies (M),Friendlies (M),Home,Portugal,Estonia,Y*,,,,,45,2-0,Pavel Londak,João Mário,,,,,
310,2016-06-08,Friendlies (M),Friendlies (M),Home,Portugal,Estonia,Y*,,,,,36,0-0,Pavel Londak,Ricardo Quaresma,,,,,
311,2016-05-14,La Liga,Matchweek 38,Away,Real Madrid,La Coruña,Y,,,,,25,1-0,Stipe Pletikosa,Toni Kroos,,,,,
312,2016-05-14,La Liga,Matchweek 38,Away,Real Madrid,La Coruña,Y,,,,,7,0-0,Stipe Pletikosa,Karim Benzema,,,,,
313,2016-05-08,La Liga,Matchweek 37,Home,Real Madrid,Valencia,Y,,,,,59,2-1,Diego Alves,James Rodríguez,,,,,
314,2016-05-08,La Liga,Matchweek 37,Home,Real Madrid,Valencia,Y,,,,,26,0-0,Diego Alves,Marcelo,,,,,
315,2016-04-16,La Liga,Matchweek 33,Away,Real Madrid,Getafe,Y,,,,,90+2,4-1,Vicente Guaita,Jesé,,,,,
316,2016-04-12,Champions Lg,Quarter-finals,Home,Real Madrid,Wolfsburg,Y,,,,,77,2-0,Diego Benaglio,,,,,,
317,2016-04-12,Champions Lg,Quarter-finals,Home,Real Madrid,Wolfsburg,Y,,,,,17,1-0,Diego Benaglio,Toni Kroos,,,,,
318,2016-04-12,Champions Lg,Quarter-finals,Home,Real Madrid,Wolfsburg,Y,,,,,15,0-0,Diego Benaglio,Dani Carvajal,,,,,
319,2016-04-09,La Liga,Matchweek 32,Home,Real Madrid,Eibar,Y,,,,,19,2-0,Asier Riesgo,Jesé,,,,,
320,2016-04-02,La Liga,Matchweek 31,Away,Real Madrid,Barcelona,Y,,,,,85,1-1,Claudio Bravo,Gareth Bale,,,,,
321,2016-03-29,Friendlies (M),Friendlies (M),Home,Portugal,Belgium,Y*,,,,,40,1-0,Thibaut Courtois,João Mário,,,,,
322,2016-03-20,La Liga,Matchweek 30,Home,Real Madrid,Sevilla,Y,,,,,64,1-0,Sergio Rico,Danilo,,,,,
323,2016-03-08,Champions Lg,Round of 16,Home,Real Madrid,Roma,Y,,,,,64,0-0,Wojciech Szczęsny,Lucas Vázquez,,,,,
324,2016-03-05,La Liga,Matchweek 28,Home,Real Madrid,Celta Vigo,Y,,,,,76,4-1,Rubén Blanco,Jesé,,,,,
325,2016-03-05,La Liga,Matchweek 28,Home,Real Madrid,Celta Vigo,Y,,,,,64,3-1,Rubén Blanco,Isco,,,,,
326,2016-03-05,La Liga,Matchweek 28,Home,Real Madrid,Celta Vigo,Y,,,,,58,2-0,Rubén Blanco,,,,,,
327,2016-03-05,La Liga,Matchweek 28,Home,Real Madrid,Celta Vigo,Y,,,,,50,1-0,Rubén Blanco,Sergio Ramos,,,,,
328,2016-03-02,La Liga,Matchweek 27,Away,Real Madrid,Levante,Y,,,,,34,0-0,Diego Mariño,,,,,,
329,2016-02-21,La Liga,Matchweek 25,Away,Real Madrid,Málaga,Y,,,,,33,0-0,Carlos Kameni,Toni Kroos,,,,,
330,2016-02-17,Champions Lg,Round of 16,Away,Real Madrid,Roma,Y,,,,,57,0-0,Wojciech Szczęsny,Marcelo,,,,,
331,2016-02-13,La Liga,Matchweek 24,Home,Real Madrid,Athletic Club,Y,,,,,87,3-1,Gorka Iraizoz,Lucas Vázquez,,,,,
332,2016-02-13,La Liga,Matchweek 24,Home,Real Madrid,Athletic Club,Y,,,,,3,0-0,Gorka Iraizoz,Karim Benzema,,,,,
333,2016-01-31,La Liga,Matchweek 22,Home,Real Madrid,Espanyol,Y,,,,,82,4-0,Giedrius Arlauskis,Jesé,,,,,
334,2016-01-31,La Liga,Matchweek 22,Home,Real Madrid,Espanyol,Y,,,,,45,3-0,Giedrius Arlauskis,,,,,,
335,2016-01-31,La Liga,Matchweek 22,Home,Real Madrid,Espanyol,Y,,,,,12,1-0,Giedrius Arlauskis,,,,,,
336,2016-01-17,La Liga,Matchweek 20,Home,Real Madrid,Sporting Gijón,Y,,,,,18,3-0,Iván Cuéllar,Dani Carvajal,,,,,
337,2016-01-17,La Liga,Matchweek 20,Home,Real Madrid,Sporting Gijón,Y,,,,,9,1-0,Iván Cuéllar,Karim Benzema,,,,,
338,2015-12-30,La Liga,Matchweek 17,Home,Real Madrid,Real Sociedad,Y,,,,,67,1-1,Gerónimo Rulli,Marcelo,,,,,
339,2015-12-30,La Liga,Matchweek 17,Home,Real Madrid,Real Sociedad,Y,,,,,42,0-0,Gerónimo Rulli,,,,,,
340,2015-12-20,La Liga,Matchweek 16,Home,Real Madrid,Rayo Vallecano,Y,,,,,53,5-2,Yoel,James Rodríguez,,,,,
341,2015-12-20,La Liga,Matchweek 16,Home,Real Madrid,Rayo Vallecano,Y,,,,,30,2-2,Yoel,,,,,,
342,2015-12-08,Champions Lg,Group stage,Home,Real Madrid,Malmö,Y,,,,,58,5-0,Johan Wiland,Isco,,,,,
343,2015-12-08,Champions Lg,Group stage,Home,Real Madrid,Malmö,Y,,,,,50,4-0,Johan Wiland,Danilo,,,,,
344,2015-12-08,Champions Lg,Group stage,Home,Real Madrid,Malmö,Y,,,,,47,3-0,Johan Wiland,,,,,,
345,2015-12-08,Champions Lg,Group stage,Home,Real Madrid,Malmö,Y,,,,,39,2-0,Johan Wiland,,,,,,
346,2015-12-05,La Liga,Matchweek 14,Home,Real Madrid,Getafe,Y,,,,,38,3-0,Vicente Guaita,Toni Kroos,,,,,
347,2015-11-29,La Liga,Matchweek 13,Away,Real Madrid,Eibar,Y,,,,,82,1-0,Asier Riesgo,,,,,,
348,2015-11-25,Champions Lg,Group stage,Away,Real Madrid,Shakhtar,Y,,,,,70,3-0,Andriy Pyatov,,,,,,
349,2015-11-25,Champions Lg,Group stage,Away,Real Madrid,Shakhtar,Y,,,,,18,0-0,Andriy Pyatov,Gareth Bale,,,,,
350,2015-10-31,La Liga,Matchweek 10,Home,Real Madrid,Las Palmas,Y,,,,,14,1-0,Javi Varas,Marcelo,,,,,
351,2015-10-24,La Liga,Matchweek 9,Away,Real Madrid,Celta Vigo,Y,,,,,8,0-0,Sergio Álvarez,Lucas Vázquez,,,,,
352,2015-10-17,La Liga,Matchweek 8,Home,Real Madrid,Levante,Y,,,,,30,1-0,Rubén,Toni Kroos,,,,,
353,2015-09-30,Champions Lg,Group stage,Away,Real Madrid,Malmö,Y*,,,,,90,1-0,Johan Wiland,Lucas Vázquez,,,,,
354,2015-09-30,Champions Lg,Group stage,Away,Real Madrid,Malmö,Y*,,,,,29,0-0,Johan Wiland,Isco,,,,,
355,2015-09-15,Champions Lg,Group stage,Home,Real Madrid,Shakhtar,Y,,,,,81,3-0,Andriy Pyatov,,,,,,
356,2015-09-15,Champions Lg,Group stage,Home,Real Madrid,Shakhtar,Y,,,,,63,2-0,Andriy Pyatov,,,,,,
357,2015-09-15,Champions Lg,Group stage,Home,Real Madrid,Shakhtar,Y,,,,,55,1-0,Andriy Pyatov,,,,,,
358,2015-09-12,La Liga,Matchweek 3,Away,Real Madrid,Espanyol,Y,,,,,81,5-0,Pau López,Lucas Vázquez,,,,,
359,2015-09-12,La Liga,Matchweek 3,Away,Real Madrid,Espanyol,Y,,,,,61,4-0,Pau López,,,,,,
360,2015-09-12,La Liga,Matchweek 3,Away,Real Madrid,Espanyol,Y,,,,,20,2-0,Pau López,Gareth Bale,,,,,
361,2015-09-12,La Liga,Matchweek 3,Away,Real Madrid,Espanyol,Y,,,,,17,1-0,Pau López,,,,,,
362,2015-09-12,La Liga,Matchweek 3,Away,Real Madrid,Espanyol,Y,,,,,7,0-0,Pau López,Luka Modrić,,,,,
363,2015-06-13,Euro Qualifying,Group stage,Away,Portugal,Armenia,Y*,,,,,58,2-1,Roman Berezovsky,Rui Patrício,,,,,
364,2015-06-13,Euro Qualifying,Group stage,Away,Portugal,Armenia,Y*,,,,,55,1-1,Roman Berezovsky,Bruno Alves,,,,,
365,2015-06-13,Euro Qualifying,Group stage,Away,Portugal,Armenia,Y*,,,,,29,0-1,Roman Berezovsky,,,,,,
366,2015-05-23,La Liga,Matchweek 38,Home,Real Madrid,Getafe,Y,,,,,34,2-2,Jordi Codina,,,,,,
367,2015-05-23,La Liga,Matchweek 38,Home,Real Madrid,Getafe,Y,,,,,32,1-2,Jordi Codina,,,,,,
368,2015-05-23,La Liga,Matchweek 38,Home,Real Madrid,Getafe,Y,,,,,13,0-0,Jordi Codina,Marcelo,,,,,
369,2015-05-17,La Liga,Matchweek 37,Away,Real Madrid,Espanyol,Y,,,,,90+1,3-1,Kiko Casilla,James Rodríguez,,,,,
370,2015-05-17,La Liga,Matchweek 37,Away,Real Madrid,Espanyol,Y,,,,,83,2-1,Kiko Casilla,,,,,,
371,2015-05-17,La Liga,Matchweek 37,Away,Real Madrid,Espanyol,Y,,,,,59,0-0,Kiko Casilla,Karim Benzema,,,,,
372,2015-05-13,Champions Lg,Semi-finals,Home,Real Madrid,Juventus,Y,,,,,23,0-0,Gianluigi Buffon,,,,,,
373,2015-05-05,Champions Lg,Semi-finals,Away,Real Madrid,Juventus,Y,,,,,27,0-1,Gianluigi Buffon,James Rodríguez,,,,,
374,2015-05-02,La Liga,Matchweek 35,Away,Real Madrid,Sevilla,Y,,,,,68,2-1,Sergio Rico,Gareth Bale,,,,,
375,2015-05-02,La Liga,Matchweek 35,Away,Real Madrid,Sevilla,Y,,,,,37,1-0,Sergio Rico,Javier Hernández,,,,,
376,2015-05-02,La Liga,Matchweek 35,Away,Real Madrid,Sevilla,Y,,,,,36,0-0,Sergio Rico,Isco,,,,,
377,2015-04-18,La Liga,Matchweek 32,Home,Real Madrid,Málaga,Y,,,,,90+2,2-1,Carlos Kameni,Javier Hernández,,,,,
378,2015-04-11,La Liga,Matchweek 31,Home,Real Madrid,Eibar,Y,,,,,21,0-0,Xabi Irureta,,,,,,
379,2015-04-08,La Liga,Matchweek 30,Away,Real Madrid,Rayo Vallecano,Y,,,,,68,0-0,David Cobeño,Dani Carvajal,,,,,
380,2015-04-05,La Liga,Matchweek 29,Home,Real Madrid,Granada,Y,,,,,89,8-1,Oier Olazábal,Luka Modrić,,,,,
381,2015-04-05,La Liga,Matchweek 29,Home,Real Madrid,Granada,Y,,,,,54,5-0,Oier Olazábal,,,,,,
382,2015-04-05,La Liga,Matchweek 29,Home,Real Madrid,Granada,Y,,,,,38,3-0,Oier Olazábal,Gareth Bale,,,,,
383,2015-04-05,La Liga,Matchweek 29,Home,Real Madrid,Granada,Y,,,,,36,2-0,Oier Olazábal,,,,,,
384,2015-04-05,La Liga,Matchweek 29,Home,Real Madrid,Granada,Y,,,,,30,1-0,Oier Olazábal,James Rodríguez,,,,,
385,2015-03-22,La Liga,Matchweek 28,Away,Real Madrid,Barcelona,Y,,,,,31,0-1,Claudio Bravo,Karim Benzema,,,,,
386,2015-03-10,Champions Lg,Round of 16,Home,Real Madrid,Schalke 04,Y,,,,,45,1-2,Timon Wellenreuther,Fábio Coentrão,,,,,
387,2015-03-10,Champions Lg,Round of 16,Home,Real Madrid,Schalke 04,Y,,,,,25,0-1,Timon Wellenreuther,Toni Kroos,,,,,
388,2015-03-01,La Liga,Matchweek 25,Home,Real Madrid,Villarreal,Y,,,,,51,0-0,Sergio Asenjo,,,,,,
389,2015-02-22,La Liga,Matchweek 24,Away,Real Madrid,Elche,Y,,,,,69,1-0,Przemysław Tytoń,Isco,,,,,
390,2015-02-18,Champions Lg,Round of 16,Away,Real Madrid,Schalke 04,Y,,,,,26,0-0,Timon Wellenreuther,Dani Carvajal,,,,,
391,2015-01-18,La Liga,Matchweek 19,Away,Real Madrid,Getafe,Y,,,,,79,2-0,Jordi Codina,James Rodríguez,,,,,
392,2015-01-18,La Liga,Matchweek 19,Away,Real Madrid,Getafe,Y,,,,,63,0-0,Jordi Codina,Karim Benzema,,,,,
393,2015-01-15,Copa del Rey,Round of 16,Home,Real Madrid,Atlético Madrid,Y,,,,,54,1-2,Jan Oblak,,,,,,
394,2015-01-04,La Liga,Matchweek 17,Away,Real Madrid,Valencia,Y,,,,,14,0-0,Diego Alves,,,,,,
395,2014-12-12,La Liga,Matchweek 15,Away,Real Madrid,Almería,Y,,,,,85,3-1,Rubén,Dani Carvajal,,,,,
396,2014-12-12,La Liga,Matchweek 15,Away,Real Madrid,Almería,Y,,,,,81,2-1,Rubén,Karim Benzema,,,,,
397,2014-12-09,Champions Lg,Group stage,Home,Real Madrid,Ludogorets,Y,,,,,20,0-0,Vladislav Stoyanov,,,,,,
398,2014-12-06,La Liga,Matchweek 14,Home,Real Madrid,Celta Vigo,Y,,,,,82,2-0,Sergio Álvarez,Marcelo,,,,,
399,2014-12-06,La Liga,Matchweek 14,Home,Real Madrid,Celta Vigo,Y,,,,,66,1-0,Sergio Álvarez,,,,,,
400,2014-12-06,La Liga,Matchweek 14,Home,Real Madrid,Celta Vigo,Y,,,,,35,0-0,Sergio Álvarez,,,,,,
401,2014-11-26,Champions Lg,Group stage,Away,Real Madrid,Basel,Y,,,,,35,0-0,Tomáš Vaclík,Karim Benzema,,,,,
402,2014-11-22,La Liga,Matchweek 12,Away,Real Madrid,Eibar,Y,,,,,82,3-0,Xabi Irureta,,,,,,
403,2014-11-22,La Liga,Matchweek 12,Away,Real Madrid,Eibar,Y,,,,,44,1-0,Xabi Irureta,Dani Carvajal,,,,,
404,2014-11-14,Euro Qualifying,Group stage,Home,Portugal,Armenia,Y*,,,,,72,0-0,Roman Berezovsky,Nani,,,,,
405,2014-11-08,La Liga,Matchweek 11,Home,Real Madrid,Rayo Vallecano,Y,,,,,83,4-1,Cristian Álvarez,Isco,,,,,
406,2014-11-01,La Liga,Matchweek 10,Away,Real Madrid,Granada,Y,,,,,2,0-0,Roberto,Karim Benzema,,,,,
407,2014-10-25,La Liga,Matchweek 9,Home,Real Madrid,Barcelona,Y,,,,,34,0-1,Claudio Bravo,,,,,,
408,2014-10-22,Champions Lg,Group stage,Away,Real Madrid,Liverpool,Y,,,,,23,0-0,Simon Mignolet,James Rodríguez,,,,,
409,2014-10-18,La Liga,Matchweek 8,Away,Real Madrid,Levante,Y,,,,,61,2-0,Diego Mariño,Isco,,,,,
410,2014-10-18,La Liga,Matchweek 8,Away,Real Madrid,Levante,Y,,,,,13,0-0,Diego Mariño,,,,,,
411,2014-10-14,Euro Qualifying,Group stage,Away,Portugal,Denmark,Y*,,,,,90+5,0-0,Kasper Schmeichel,Ricardo Quaresma,,,,,
412,2014-10-05,La Liga,Matchweek 7,Home,Real Madrid,Athletic Club,Y,,,,,89,4-0,Gorka Iraizoz,Pepe,,,,,
413,2014-10-05,La Liga,Matchweek 7,Home,Real Madrid,Athletic Club,Y,,,,,55,2-0,Gorka Iraizoz,Gareth Bale,,,,,
414,2014-10-05,La Liga,Matchweek 7,Home,Real Madrid,Athletic Club,Y,,,,,2,0-0,Gorka Iraizoz,Gareth Bale,,,,,
415,2014-10-01,Champions Lg,Group stage,Away,Real Madrid,Ludogorets,Y,,,,,25,0-1,Vladislav Stoyanov,,,,,,
416,2014-09-27,La Liga,Matchweek 6,Away,Real Madrid,Villarreal,Y,,,,,40,1-0,Sergio Asenjo,Karim Benzema,,,,,
417,2014-09-23,La Liga,Matchweek 5,Home,Real Madrid,Elche,Y,,,,,90+2,4-1,Manu Herrera,Gareth Bale,,,,,
418,2014-09-23,La Liga,Matchweek 5,Home,Real Madrid,Elche,Y,,,,,80,3-1,Manu Herrera,,,,,,
419,2014-09-23,La Liga,Matchweek 5,Home,Real Madrid,Elche,Y,,,,,32,2-1,Manu Herrera,Marcelo,,,,,
420,2014-09-23,La Liga,Matchweek 5,Home,Real Madrid,Elche,Y,,,,,28,1-1,Manu Herrera,,,,,,
421,2014-09-20,La Liga,Matchweek 4,Away,Real Madrid,La Coruña,Y,,,,,78,5-1,Germán Lux,James Rodríguez,,,,,
422,2014-09-20,La Liga,Matchweek 4,Away,Real Madrid,La Coruña,Y,,,,,41,2-0,Germán Lux,Karim Benzema,,,,,
423,2014-09-20,La Liga,Matchweek 4,Away,Real Madrid,La Coruña,Y,,,,,29,0-0,Germán Lux,Álvaro Arbeloa,,,,,
424,2014-09-16,Champions Lg,Group stage,Home,Real Madrid,Basel,Y,,,,,31,2-0,Tomáš Vaclík,Gareth Bale,,,,,
425,2014-09-13,La Liga,Matchweek 3,Home,Real Madrid,Atlético Madrid,Y,,,,,26,0-1,Miguel Ángel Moyá,,,,,,
426,2014-08-25,La Liga,Matchweek 1,Home,Real Madrid,Córdoba,Y,,,,,90,1-0,Juan Carlos,Isco,,,,,
427,2014-08-12,Super Cup,UEFA Super Cup,Neutral,Real Madrid,Sevilla,Y,,,,,49,1-0,Beto,Karim Benzema,,,,,
428,2014-08-12,Super Cup,UEFA Super Cup,Neutral,Real Madrid,Sevilla,Y,,,,,30,0-0,Beto,Gareth Bale,,,,,
429,2014-06-26,World Cup,Group stage,Neutral,Portugal,Ghana,Y,,,,,80,1-1,Fatau Dauda,,,,,,
430,2014-05-24,Champions Lg,Final,Neutral,Real Madrid,Atlético Madrid,Y,,,,,120,3-1,,,,,,,
431,2014-05-04,La Liga,Matchweek 36,Home,Real Madrid,Valencia,Y,,,,,89,1-2,Diego Alves,,,,,,
432,2014-04-29,Champions Lg,Semi-finals,Away,Real Madrid,Bayern Munich,Y,,,,,90,3-0,,,,,,,
433,2014-04-29,Champions Lg,Semi-finals,Away,Real Madrid,Bayern Munich,Y,,,,,34,2-0,,,,,,,
434,2014-04-26,La Liga,Matchweek 35,Home,Real Madrid,Osasuna,Y,,,,,52,1-0,Andrés Fernández,,,,,,
435,2014-04-26,La Liga,Matchweek 35,Home,Real Madrid,Osasuna,Y,,,,,6,0-0,Andrés Fernández,,,,,,
436,2014-04-02,Champions Lg,Quarter-finals,Home,Real Madrid,Dortmund,Y,,,,,57,2-0,,,,,,,
437,2014-03-29,La Liga,Matchweek 31,Home,Real Madrid,Rayo Vallecano,Y,,,,,14,0-0,Rubén,,,,,,
438,2014-03-26,La Liga,Matchweek 30,Away,Real Madrid,Sevilla,Y,,,,,14,0-0,Beto,,,,,,
439,2014-03-23,La Liga,Matchweek 29,Home,Real Madrid,Barcelona,Y,,,,,55,2-2,Víctor Valdés,,,,,,
440,2014-03-18,Champions Lg,Round of 16,Home,Real Madrid,Schalke 04,Y,,,,,73,1-1,,,,,,,
441,2014-03-18,Champions Lg,Round of 16,Home,Real Madrid,Schalke 04,Y,,,,,21,0-0,,,,,,,
442,2014-03-15,La Liga,Matchweek 28,Away,Real Madrid,Málaga,Y,,,,,22,0-0,Willy Caballero,,,,,,
443,2014-03-09,La Liga,Matchweek 27,Home,Real Madrid,Levante,Y,,,,,10,0-0,Keylor Navas,,,,,,
444,2014-03-05,Friendlies (M),Friendlies (M),Home,Portugal,Cameroon,Y*,,,,,83,4-1,Guy N'dy Assembé,Miguel Veloso,,,,,
445,2014-03-05,Friendlies (M),Friendlies (M),Home,Portugal,Cameroon,Y*,,,,,21,0-0,Charles Itandje,João Pereira,,,,,
446,2014-03-02,La Liga,Matchweek 26,Away,Real Madrid,Atlético Madrid,Y,,,,,81,1-2,Thibaut Courtois,,,,,,
447,2014-02-26,Champions Lg,Round of 16,Away,Real Madrid,Schalke 04,Y,,,,,89,5-0,,,,,,,
448,2014-02-26,Champions Lg,Round of 16,Away,Real Madrid,Schalke 04,Y,,,,,52,2-0,,,,,,,
449,2014-01-25,La Liga,Matchweek 21,Home,Real Madrid,Granada,Y,,,,,57,0-0,Roberto,,,,,,
450,2014-01-18,La Liga,Matchweek 20,Away,Real Madrid,Betis,Y,,,,,10,0-0,Stephan Andersen,,,,,,
451,2014-01-06,La Liga,Matchweek 18,Home,Real Madrid,Celta Vigo,Y,,,,,89,2-0,Yoel,,,,,,
452,2014-01-06,La Liga,Matchweek 18,Home,Real Madrid,Celta Vigo,Y,,,,,82,1-0,Yoel,,,,,,
453,2013-12-22,La Liga,Matchweek 17,Away,Real Madrid,Valencia,Y,,,,,39,1-1,Vicente Guaita,,,,,,
454,2013-12-10,Champions Lg,Group stage,Away,Real Madrid,FC Copenhagen,Y,,,,,48,1-0,,,,,,,
455,2013-11-23,La Liga,Matchweek 14,Away,Real Madrid,Almería,Y,,,,,3,0-0,Esteban,,,,,,
456,2013-11-19,WCQ,Second round,Away,Portugal,Sweden,Y*,,,,,79,2-2,Andreas Isaksson,João Moutinho,,,,,
457,2013-11-19,WCQ,Second round,Away,Portugal,Sweden,Y*,,,,,77,1-2,Andreas Isaksson,Hugo Almeida,,,,,
458,2013-11-19,WCQ,Second round,Away,Portugal,Sweden,Y*,,,,,50,0-0,Andreas Isaksson,João Moutinho,,,,,
459,2013-11-15,WCQ,Second round,Home,Portugal,Sweden,Y*,,,,,82,0-0,Andreas Isaksson,Miguel Veloso,,,,,
460,2013-11-09,La Liga,Matchweek 13,Home,Real Madrid,Real Sociedad,Y,,,,,76,4-1,Claudio Bravo,,,,,,
461,2013-11-09,La Liga,Matchweek 13,Home,Real Madrid,Real Sociedad,Y,,,,,26,2-0,Claudio Bravo,,,,,,
462,2013-11-09,La Liga,Matchweek 13,Home,Real Madrid,Real Sociedad,Y,,,,,11,0-0,Claudio Bravo,,,,,,
463,2013-11-05,Champions Lg,Group stage,Away,Real Madrid,Juventus,Y,,,,,52,0-1,,,,,,,
464,2013-11-02,La Liga,Matchweek 12,Away,Real Madrid,Rayo Vallecano,Y,,,,,48,2-0,Rubén,,,,,,
465,2013-11-02,La Liga,Matchweek 12,Away,Real Madrid,Rayo Vallecano,Y,,,,,2,0-0,Rubén,,,,,,
466,2013-10-30,La Liga,Matchweek 11,Home,Real Madrid,Sevilla,Y,,,,,71,5-3,Beto,,,,,,
467,2013-10-30,La Liga,Matchweek 11,Home,Real Madrid,Sevilla,Y,,,,,60,4-2,Beto,,,,,,
468,2013-10-30,La Liga,Matchweek 11,Home,Real Madrid,Sevilla,Y,,,,,31,2-0,Beto,,,,,,
469,2013-10-23,Champions Lg,Group stage,Home,Real Madrid,Juventus,Y,,,,,29,1-1,,,,,,,
470,2013-10-23,Champions Lg,Group stage,Home,Real Madrid,Juventus,Y,,,,,4,0-0,,,,,,,
471,2013-10-19,La Liga,Matchweek 9,Home,Real Madrid,Málaga,Y,,,,,89,1-0,Willy Caballero,,,,,,
472,2013-10-05,La Liga,Matchweek 8,Away,Real Madrid,Levante,Y,,,,,90,2-2,Keylor Navas,,,,,,
473,2013-10-02,Champions Lg,Group stage,Home,Real Madrid,FC Copenhagen,Y,,,,,65,1-0,,,,,,,
474,2013-10-02,Champions Lg,Group stage,Home,Real Madrid,FC Copenhagen,Y,,,,,21,0-0,,,,,,,
475,2013-09-25,La Liga,Matchweek 6,Away,Real Madrid,Elche,Y,,,,,88,1-1,Manu Herrera,,,,,,
476,2013-09-25,La Liga,Matchweek 6,Away,Real Madrid,Elche,Y,,,,,51,0-0,Manu Herrera,,,,,,
477,2013-09-22,La Liga,Matchweek 5,Home,Real Madrid,Getafe,Y,,,,,89,3-1,Miguel Ángel Moyá,,,,,,
478,2013-09-22,La Liga,Matchweek 5,Home,Real Madrid,Getafe,Y,,,,,33,1-1,Miguel Ángel Moyá,,,,,,
479,2013-09-17,Champions Lg,Group stage,Away,Real Madrid,Galatasaray,Y,,,,,90+1,5-1,,,,,,,
480,2013-09-17,Champions Lg,Group stage,Away,Real Madrid,Galatasaray,Y,,,,,66,3-0,,,,,,,
481,2013-09-17,Champions Lg,Group stage,Away,Real Madrid,Galatasaray,Y,,,,,63,2-0,,,,,,,
482,2013-09-14,La Liga,Matchweek 4,Away,Real Madrid,Villarreal,Y,,,,,63,1-1,Sergio Asenjo,,,,,,
483,2013-09-06,WCQ,First round,Away,Portugal,Northern Ireland,Y*,,,,,83,3-2,Roy Carroll,,,,,,
484,2013-09-06,WCQ,First round,Away,Portugal,Northern Ireland,Y*,,,,,77,2-2,Roy Carroll,Fábio Coentrão,,,,,
485,2013-09-06,WCQ,First round,Away,Portugal,Northern Ireland,Y*,,,,,68,1-2,Roy Carroll,João Moutinho,,,,,
486,2013-09-01,La Liga,Matchweek 3,Home,Real Madrid,Athletic Club,Y,,,,,44,1-0,Iago Herrerín,,,,,,
487,2013-05-08,La Liga,Matchweek 36,Home,Real Madrid,Málaga,Y,,,,,26,1-1,Willy Caballero,,,,,,
488,2013-05-04,La Liga,Matchweek 34,Home,Real Madrid,Valladolid,Y,,,,,70,3-2,Jaime,,,,,,
489,2013-05-04,La Liga,Matchweek 34,Home,Real Madrid,Valladolid,Y,,,,,32,1-1,Jaime,,,,,,
490,2013-04-24,Champions Lg,Semi-finals,Away,Real Madrid,Dortmund,Y,,,,,43,0-1,,,,,,,
491,2013-04-14,La Liga,Matchweek 31,Away,Real Madrid,Athletic Club,Y,,,,,68,1-0,Gorka Iraizoz,,,,,,
492,2013-04-14,La Liga,Matchweek 31,Away,Real Madrid,Athletic Club,Y,,,,,2,0-0,Gorka Iraizoz,,,,,,
493,2013-04-09,Champions Lg,Quarter-finals,Away,Real Madrid,Galatasaray,Y,,,,,90+2,1-3,,,,,,,
494,2013-04-09,Champions Lg,Quarter-finals,Away,Real Madrid,Galatasaray,Y,,,,,7,0-0,,,,,,,
495,2013-04-06,La Liga,Matchweek 30,Home,Real Madrid,Levante,N,,,,,84,2-1,Gustavo Munúa,,,,,,
496,2013-04-03,Champions Lg,Quarter-finals,Home,Real Madrid,Galatasaray,Y,,,,,9,0-0,,,,,,,
497,2013-03-30,La Liga,Matchweek 29,Away,Real Madrid,Zaragoza,Y,,,,,38,0-1,Roberto,,,,,,
498,2013-03-16,La Liga,Matchweek 28,Home,Real Madrid,Mallorca,Y,,,,,51,1-2,Dudu Aouate,,,,,,
499,2013-03-10,La Liga,Matchweek 27,Away,Real Madrid,Celta Vigo,Y,,,,,71,1-1,Javi Varas,,,,,,
500,2013-03-10,La Liga,Matchweek 27,Away,Real Madrid,Celta Vigo,Y,,,,,61,0-0,Javi Varas,,,,,,
501,2013-03-05,Champions Lg,Round of 16,Away,Real Madrid,Manchester Utd,Y,,,,,69,1-1,,,,,,,
502,2013-02-13,Champions Lg,Round of 16,Home,Real Madrid,Manchester Utd,Y,,,,,30,0-1,,,,,,,
503,2013-02-09,La Liga,Matchweek 23,Home,Real Madrid,Sevilla,Y,,,,,58,3-0,Beto,,,,,,
504,2013-02-09,La Liga,Matchweek 23,Home,Real Madrid,Sevilla,Y,,,,,46,2-0,Beto,,,,,,
505,2013-02-09,La Liga,Matchweek 23,Home,Real Madrid,Sevilla,Y,,,,,25,1-0,Beto,,,,,,
506,2013-01-27,La Liga,Matchweek 21,Home,Real Madrid,Getafe,Y,,,,,71,3-0,Miguel Ángel Moyá,,,,,,
507,2013-01-27,La Liga,Matchweek 21,Home,Real Madrid,Getafe,Y,,,,,65,2-0,Miguel Ángel Moyá,,,,,,
508,2013-01-27,La Liga,Matchweek 21,Home,Real Madrid,Getafe,Y,,,,,62,1-0,Miguel Ángel Moyá,,,,,,
509,2013-01-20,La Liga,Matchweek 20,Away,Real Madrid,Valencia,Y,,,,,41,3-0,Diego Alves,,,,,,
510,2013-01-20,La Liga,Matchweek 20,Away,Real Madrid,Valencia,Y,,,,,35,2-0,Diego Alves,,,,,,
511,2013-01-06,La Liga,Matchweek 18,Home,Real Madrid,Real Sociedad,Y,,,,,70,3-2,Claudio Bravo,,,,,,
512,2013-01-06,La Liga,Matchweek 18,Home,Real Madrid,Real Sociedad,Y,,,,,67,2-2,Claudio Bravo,,,,,,
513,2012-12-16,La Liga,Matchweek 16,Home,Real Madrid,Espanyol,Y,,,,,44,0-1,Kiko Casilla,,,,,,
514,2012-12-04,Champions Lg,Group stage,Home,Real Madrid,Ajax,Y,,,,,13,0-0,,,,,,,
515,2012-12-01,La Liga,Matchweek 14,Home,Real Madrid,Atlético Madrid,Y,,,,,15,0-0,Thibaut Courtois,,,,,,
516,2012-11-11,La Liga,Matchweek 11,Away,Real Madrid,Levante,Y,,,,,20,0-0,Gustavo Munúa,,,,,,
517,2012-10-28,La Liga,Matchweek 9,Away,Real Madrid,Mallorca,Y,,,,,73,3-0,Dudu Aouate,,,,,,
518,2012-10-28,La Liga,Matchweek 9,Away,Real Madrid,Mallorca,Y,,,,,22,1-0,Dudu Aouate,,,,,,
519,2012-10-24,Champions Lg,Group stage,Away,Real Madrid,Dortmund,Y,,,,,38,0-1,,,,,,,
520,2012-10-20,La Liga,Matchweek 8,Home,Real Madrid,Celta Vigo,Y,,,,,67,1-0,Sergio Álvarez,,,,,,
521,2012-10-07,La Liga,Matchweek 7,Away,Real Madrid,Barcelona,Y,,,,,66,1-2,Víctor Valdés,,,,,,
522,2012-10-07,La Liga,Matchweek 7,Away,Real Madrid,Barcelona,Y,,,,,22,0-0,Víctor Valdés,,,,,,
523,2012-10-03,Champions Lg,Group stage,Away,Real Madrid,Ajax,Y,,,,,81,3-1,,,,,,,
524,2012-10-03,Champions Lg,Group stage,Away,Real Madrid,Ajax,Y,,,,,79,2-1,,,,,,,
525,2012-10-03,Champions Lg,Group stage,Away,Real Madrid,Ajax,Y,,,,,42,0-0,,,,,,,
526,2012-09-30,La Liga,Matchweek 6,Home,Real Madrid,La Coruña,Y,,,,,84,4-1,Daniel Aranzubia,,,,,,
527,2012-09-30,La Liga,Matchweek 6,Home,Real Madrid,La Coruña,Y,,,,,44,2-1,Daniel Aranzubia,,,,,,
528,2012-09-30,La Liga,Matchweek 6,Home,Real Madrid,La Coruña,Y,,,,,23,0-1,Daniel Aranzubia,,,,,,
529,2012-09-24,La Liga,Matchweek 5,Away,Real Madrid,Rayo Vallecano,Y,,,,,69,1-0,Rubén,,,,,,
530,2012-09-18,Champions Lg,Group stage,Home,Real Madrid,Manchester City,Y,,,,,90,2-2,,,,,,,
531,2012-09-07,WCQ,First round,Away,Portugal,Luxembourg,Y*,,,,,28,0-1,Jonathan Joubert,João Moutinho,,,,,
532,2012-09-02,La Liga,Matchweek 3,Home,Real Madrid,Granada,Y,,,,,53,1-0,Toño,,,,,,
533,2012-09-02,La Liga,Matchweek 3,Home,Real Madrid,Granada,Y,,,,,25,0-0,Toño,,,,,,
534,2012-06-21,UEFA Euro,Quarter-finals,Away,Portugal,Czech Republic,Y*,,,,,79,0-0,Petr Čech,João Moutinho,,,,,
535,2012-06-17,UEFA Euro,Group stage,Home,Portugal,Netherlands,Y*,,,,,74,1-1,Maarten Stekelenburg,Nani,,,,,
536,2012-06-17,UEFA Euro,Group stage,Home,Portugal,Netherlands,Y*,,,,,28,0-1,Maarten Stekelenburg,João Pereira,,,,,
537,2012-05-13,La Liga,Matchweek 38,Home,Real Madrid,Mallorca,Y,,,,,18,0-0,Dudu Aouate,,,,,,
538,2012-05-05,La Liga,Matchweek 37,Away,Real Madrid,Granada,Y,,,,,81,0-1,Júlio César,,,,,,
539,2012-05-02,La Liga,Matchweek 20,Away,Real Madrid,Athletic Club,Y,,,,,49,2-0,Gorka Iraizoz,,,,,,
540,2012-04-29,La Liga,Matchweek 36,Home,Real Madrid,Sevilla,Y,,,,,19,0-0,Javi Varas,,,,,,
541,2012-04-25,Champions Lg,Semi-finals,Home,Real Madrid,Bayern Munich,Y,,,,,14,1-0,,,,,,,
542,2012-04-25,Champions Lg,Semi-finals,Home,Real Madrid,Bayern Munich,Y,,,,,6,0-0,,,,,,,
543,2012-04-21,La Liga,Matchweek 35,Away,Real Madrid,Barcelona,Y,,,,,72,1-1,Víctor Valdés,,,,,,
544,2012-04-14,La Liga,Matchweek 34,Home,Real Madrid,Sporting Gijón,Y,,,,,73,1-1,Juan Pablo Colinas,,,,,,
545,2012-04-11,La Liga,Matchweek 33,Away,Real Madrid,Atlético Madrid,Y,,,,,82,2-1,Thibaut Courtois,,,,,,
546,2012-04-11,La Liga,Matchweek 33,Away,Real Madrid,Atlético Madrid,Y,,,,,67,1-1,Thibaut Courtois,,,,,,
547,2012-04-11,La Liga,Matchweek 33,Away,Real Madrid,Atlético Madrid,Y,,,,,24,0-0,Thibaut Courtois,,,,,,
548,2012-04-04,Champions Lg,Quarter-finals,Home,Real Madrid,APOEL FC,Y,,,,,75,2-1,,,,,,,
549,2012-04-04,Champions Lg,Quarter-finals,Home,Real Madrid,APOEL FC,Y,,,,,26,0-0,,,,,,,
550,2012-03-31,La Liga,Matchweek 31,Away,Real Madrid,Osasuna,Y,,,,,69,3-1,Andrés Fernández,,,,,,
551,2012-03-31,La Liga,Matchweek 31,Away,Real Madrid,Osasuna,Y,,,,,36,1-0,Andrés Fernández,,,,,,
552,2012-03-24,La Liga,Matchweek 30,Home,Real Madrid,Real Sociedad,Y,,,,,56,4-1,Claudio Bravo,,,,,,
553,2012-03-24,La Liga,Matchweek 30,Home,Real Madrid,Real Sociedad,Y,,,,,31,1-0,Claudio Bravo,,,,,,
554,2012-03-21,La Liga,Matchweek 29,Away,Real Madrid,Villarreal,Y,,,,,61,0-0,Diego López,,,,,,
555,2012-03-14,Champions Lg,Round of 16,Home,Real Madrid,CSKA Moscow,Y,,,,,90+4,3-1,,,,,,,
556,2012-03-14,Champions Lg,Round of 16,Home,Real Madrid,CSKA Moscow,Y,,,,,55,1-0,,,,,,,
557,2012-03-10,La Liga,Matchweek 27,Away,Real Madrid,Betis,Y,,,,,72,2-2,Fabricio,,,,,,
558,2012-03-10,La Liga,Matchweek 27,Away,Real Madrid,Betis,Y,,,,,51,1-1,Fabricio,,,,,,
559,2012-03-04,La Liga,Matchweek 26,Home,Real Madrid,Espanyol,Y,,,,,23,0-0,Kiko Casilla,,,,,,
560,2012-02-26,La Liga,Matchweek 25,Away,Real Madrid,Rayo Vallecano,Y,,,,,53,0-0,Joel Robles,,,,,,
561,2012-02-21,Champions Lg,Round of 16,Away,Real Madrid,CSKA Moscow,Y,,,,,28,0-0,,,,,,,
562,2012-02-18,La Liga,Matchweek 24,Home,Real Madrid,Racing Sant,Y,,,,,6,0-0,Toño,,,,,,
563,2012-02-12,La Liga,Matchweek 23,Home,Real Madrid,Levante,Y,,,,,56,2-1,Gustavo Munúa,,,,,,
564,2012-02-12,La Liga,Matchweek 23,Home,Real Madrid,Levante,Y,,,,,50,1-1,Gustavo Munúa,,,,,,
565,2012-02-12,La Liga,Matchweek 23,Home,Real Madrid,Levante,Y,,,,,44,0-1,Gustavo Munúa,,,,,,
566,2012-01-28,La Liga,Matchweek 21,Home,Real Madrid,Zaragoza,Y,,,,,49,1-1,Roberto,,,,,,
567,2012-01-22,La Liga,Matchweek 1,Home,Real Madrid,Athletic Club,Y,,,,,67,2-1,Gorka Iraizoz,,,,,,
568,2012-01-22,La Liga,Matchweek 1,Home,Real Madrid,Athletic Club,Y,,,,,47,1-1,Gorka Iraizoz,,,,,,
569,2012-01-07,La Liga,Matchweek 18,Home,Real Madrid,Granada,Y,,,,,88,4-1,Roberto,,,,,,
570,2011-12-17,La Liga,Matchweek 17,Away,Real Madrid,Sevilla,Y,,,,,83,4-1,Javi Varas,,,,,,
571,2011-12-17,La Liga,Matchweek 17,Away,Real Madrid,Sevilla,Y,,,,,36,1-0,Javi Varas,,,,,,
572,2011-12-17,La Liga,Matchweek 17,Away,Real Madrid,Sevilla,Y,,,,,10,0-0,Javi Varas,,,,,,
573,2011-12-03,La Liga,Matchweek 15,Away,Real Madrid,Sporting Gijón,Y,,,,,64,1-0,Juan Pablo Colinas,,,,,,
574,2011-11-26,La Liga,Matchweek 14,Home,Real Madrid,Atlético Madrid,Y,,,,,82,3-1,,,,,,,
575,2011-11-26,La Liga,Matchweek 14,Home,Real Madrid,Atlético Madrid,Y,,,,,23,0-1,,,,,,,
576,2011-11-19,La Liga,Matchweek 13,Away,Real Madrid,Valencia,Y,,,,,79,2-1,Diego Alves,,,,,,
577,2011-11-15,Euro Qualifying,Play-off Round,Home,Portugal,Bosnia & Herz'na,Y*,,,,,53,2-1,Asmir Begović,,,,,,
578,2011-11-15,Euro Qualifying,Play-off Round,Home,Portugal,Bosnia & Herz'na,Y*,,,,,8,0-0,Asmir Begović,,,,,,
579,2011-11-06,La Liga,Matchweek 12,Home,Real Madrid,Osasuna,Y,,,,,58,4-1,Andrés Fernández,,,,,,
580,2011-11-06,La Liga,Matchweek 12,Home,Real Madrid,Osasuna,Y,,,,,54,3-1,Andrés Fernández,,,,,,
581,2011-11-06,La Liga,Matchweek 12,Home,Real Madrid,Osasuna,Y,,,,,22,0-0,Andrés Fernández,,,,,,
582,2011-11-02,Champions Lg,Group stage,Away,Real Madrid,Lyon,Y,,,,,69,1-0,,,,,,,
583,2011-11-02,Champions Lg,Group stage,Away,Real Madrid,Lyon,Y,,,,,24,0-0,,,,,,,
584,2011-10-22,La Liga,Matchweek 9,Away,Real Madrid,Málaga,Y,,,,,37,3-0,Rubén,,,,,,
585,2011-10-22,La Liga,Matchweek 9,Away,Real Madrid,Málaga,Y,,,,,27,2-0,Rubén,,,,,,
586,2011-10-22,La Liga,Matchweek 9,Away,Real Madrid,Málaga,Y,,,,,23,1-0,Rubén,,,,,,
587,2011-10-11,Euro Qualifying,Group stage,Away,Portugal,Denmark,Y*,,,,,90+2,0-2,Thomas Sørensen,,,,,,
588,2011-09-27,Champions Lg,Group stage,Home,Real Madrid,Ajax,Y,,,,,25,0-0,,,,,,,
589,2011-09-24,La Liga,Matchweek 6,Home,Real Madrid,Rayo Vallecano,Y,,,,,84,5-2,Dani Giménez,,,,,,
590,2011-09-24,La Liga,Matchweek 6,Home,Real Madrid,Rayo Vallecano,Y,,,,,51,2-1,Dani Giménez,,,,,,
591,2011-09-24,La Liga,Matchweek 6,Home,Real Madrid,Rayo Vallecano,Y,,,,,39,0-1,Dani Giménez,,,,,,
592,2011-09-10,La Liga,Matchweek 3,Home,Real Madrid,Getafe,Y,,,,,59,1-1,Miguel Ángel Moyá,,,,,,
593,2011-09-02,Euro Qualifying,Group stage,Away,Portugal,Cyprus,Y*,,,,,82,1-0,Antonis Georgallides,,,,,,
594,2011-09-02,Euro Qualifying,Group stage,Away,Portugal,Cyprus,Y*,,,,,35,0-0,Antonis Georgallides,,,,,,
595,2011-08-28,La Liga,Matchweek 2,Away,Real Madrid,Zaragoza,Y,,,,,86,5-0,Roberto,,,,,,
596,2011-08-28,La Liga,Matchweek 2,Away,Real Madrid,Zaragoza,Y,,,,,70,3-0,Roberto,,,,,,
597,2011-08-28,La Liga,Matchweek 2,Away,Real Madrid,Zaragoza,Y,,,,,23,0-0,Roberto,,,,,,
598,2011-05-21,La Liga,Matchweek 38,Home,Real Madrid,Almería,Y,,,,,76,6-1,Esteban,,,,,,
599,2011-05-21,La Liga,Matchweek 38,Home,Real Madrid,Almería,Y,,,,,4,0-0,Esteban,,,,,,
600,2011-05-15,La Liga,Matchweek 37,Away,Real Madrid,Villarreal,Y,,,,,89,2-1,Diego López,,,,,,
601,2011-05-15,La Liga,Matchweek 37,Away,Real Madrid,Villarreal,Y,,,,,21,1-0,Diego López,,,,,,
602,2011-05-10,La Liga,Matchweek 36,Home,Real Madrid,Getafe,Y,,,,,90,3-0,Óscar Ustari,,,,,,
603,2011-05-10,La Liga,Matchweek 36,Home,Real Madrid,Getafe,Y,,,,,57,1-0,Óscar Ustari,,,,,,
604,2011-05-10,La Liga,Matchweek 36,Home,Real Madrid,Getafe,Y,,,,,23,0-0,Óscar Ustari,,,,,,
605,2011-05-07,La Liga,Matchweek 35,Away,Real Madrid,Sevilla,Y,,,,,75,5-1,Javi Varas,,,,,,
606,2011-05-07,La Liga,Matchweek 35,Away,Real Madrid,Sevilla,Y,,,,,70,4-1,Javi Varas,,,,,,
607,2011-05-07,La Liga,Matchweek 35,Away,Real Madrid,Sevilla,Y,,,,,65,3-1,Javi Varas,,,,,,
608,2011-05-07,La Liga,Matchweek 35,Away,Real Madrid,Sevilla,Y,,,,,31,1-0,Javi Varas,,,,,,
609,2011-04-16,La Liga,Matchweek 32,Home,Real Madrid,Barcelona,Y,,,,,81,0-1,Víctor Valdés,,,,,,
610,2011-04-13,Champions Lg,Quarter-finals,Away,Real Madrid,Tottenham,Y,,,,,50,0-0,,,,,,,
611,2011-04-09,La Liga,Matchweek 31,Away,Real Madrid,Athletic Club,N,,,,,70,2-0,Gorka Iraizoz,,,,,,
612,2011-04-05,Champions Lg,Quarter-finals,Home,Real Madrid,Tottenham,Y,,,,,87,3-0,,,,,,,
613,2011-03-03,La Liga,Matchweek 26,Home,Real Madrid,Málaga,Y,,,,,76,6-0,Willy Caballero,,,,,,
614,2011-03-03,La Liga,Matchweek 26,Home,Real Madrid,Málaga,Y,,,,,67,5-0,Willy Caballero,,,,,,
615,2011-03-03,La Liga,Matchweek 26,Home,Real Madrid,Málaga,Y,,,,,50,3-0,Willy Caballero,,,,,,
616,2011-02-06,La Liga,Matchweek 22,Home,Real Madrid,Real Sociedad,Y,,,,,42,2-0,Claudio Bravo,,,,,,
617,2011-02-06,La Liga,Matchweek 22,Home,Real Madrid,Real Sociedad,Y,,,,,20,1-0,Claudio Bravo,,,,,,
618,2011-01-09,La Liga,Matchweek 18,Home,Real Madrid,Villarreal,Y,,,,,78,2-2,Diego López,,,,,,
619,2011-01-09,La Liga,Matchweek 18,Home,Real Madrid,Villarreal,Y,,,,,44,1-2,Diego López,,,,,,
620,2011-01-09,La Liga,Matchweek 18,Home,Real Madrid,Villarreal,Y,,,,,8,0-1,Diego López,,,,,,
621,2011-01-03,La Liga,Matchweek 17,Away,Real Madrid,Getafe,Y,,,,,57,2-1,Jordi Codina,,,,,,
622,2011-01-03,La Liga,Matchweek 17,Away,Real Madrid,Getafe,Y,,,,,11,0-0,Jordi Codina,,,,,,
623,2010-12-12,La Liga,Matchweek 15,Away,Real Madrid,Zaragoza,Y,,,,,44,1-0,Leo Franco,,,,,,
624,2010-12-08,Champions Lg,Group stage,Home,Real Madrid,Auxerre,Y,,,,,49,1-0,,,,,,,
625,2010-12-04,La Liga,Matchweek 14,Home,Real Madrid,Valencia,Y,,,,,86,1-0,Vicente Guaita,,,,,,
626,2010-12-04,La Liga,Matchweek 14,Home,Real Madrid,Valencia,Y,,,,,72,0-0,Vicente Guaita,,,,,,
627,2010-11-23,Champions Lg,Group stage,Away,Real Madrid,Ajax,Y,,,,,81,3-0,,,,,,,
628,2010-11-23,Champions Lg,Group stage,Away,Real Madrid,Ajax,Y,,,,,70,2-0,,,,,,,
629,2010-11-20,La Liga,Matchweek 12,Home,Real Madrid,Athletic Club,Y,,,,,90+2,4-1,Gorka Iraizoz,,,,,,
630,2010-11-20,La Liga,Matchweek 12,Home,Real Madrid,Athletic Club,Y,,,,,62,3-1,Gorka Iraizoz,,,,,,
631,2010-11-20,La Liga,Matchweek 12,Home,Real Madrid,Athletic Club,Y,,,,,30,1-0,Gorka Iraizoz,,,,,,
632,2010-10-30,La Liga,Matchweek 9,Away,Real Madrid,Hércules,Y,,,,,86,2-1,Juan Calatayud,,,,,,
633,2010-10-30,La Liga,Matchweek 9,Away,Real Madrid,Hércules,Y,,,,,82,1-1,Juan Calatayud,,,,,,
634,2010-10-23,La Liga,Matchweek 8,Home,Real Madrid,Racing Sant,Y,,,,,55,4-0,Toño,,,,,,
635,2010-10-23,La Liga,Matchweek 8,Home,Real Madrid,Racing Sant,Y,,,,,47,3-0,Toño,,,,,,
636,2010-10-23,La Liga,Matchweek 8,Home,Real Madrid,Racing Sant,Y,,,,,26,2-0,Toño,,,,,,
637,2010-10-23,La Liga,Matchweek 8,Home,Real Madrid,Racing Sant,Y,,,,,15,1-0,Toño,,,,,,
638,2010-10-19,Champions Lg,Group stage,Home,Real Madrid,Milan,Y,,,,,13,0-0,,,,,,,
639,2010-10-16,La Liga,Matchweek 7,Away,Real Madrid,Málaga,Y,,,,,50,2-0,Rodrigo Galatto,,,,,,
640,2010-10-16,La Liga,Matchweek 7,Away,Real Madrid,Málaga,Y,,,,,44,1-0,Rodrigo Galatto,,,,,,
641,2010-10-12,Euro Qualifying,Group stage,Away,Portugal,Iceland,Y*,,,,,3,0-0,Gunnleifur Gunnleifsson,,,,,,
642,2010-10-08,Euro Qualifying,Group stage,Home,Portugal,Denmark,Y*,,,,,85,2-1,Anders Lindegaard,,,,,,
643,2010-10-03,La Liga,Matchweek 6,Home,Real Madrid,La Coruña,Y,,,,,89,5-1,Manu,,,,,,
644,2010-10-03,La Liga,Matchweek 6,Home,Real Madrid,La Coruña,Y,,,,,4,0-0,Manu,,,,,,
645,2010-09-21,La Liga,Matchweek 4,Home,Real Madrid,Espanyol,Y,,,,,28,0-0,Carlos Kameni,,,,,,
646,2010-06-21,World Cup,Group stage,Neutral,Portugal,Korea DPR,Y,,,,,87,5-0,Ri Myong-guk,,,,,,
647,2010-05-08,La Liga,Matchweek 37,Home,Real Madrid,Athletic Club,Y,,,,,22,0-0,Gorka Iraizoz,,,,,,
648,2010-05-05,La Liga,Matchweek 36,Away,Real Madrid,Mallorca,Y,,,,,72,2-1,Dudu Aouate,,,,,,
649,2010-05-05,La Liga,Matchweek 36,Away,Real Madrid,Mallorca,Y,,,,,57,1-1,Dudu Aouate,,,,,,
650,2010-05-05,La Liga,Matchweek 36,Away,Real Madrid,Mallorca,Y,,,,,26,0-1,Dudu Aouate,,,,,,
651,2010-05-02,La Liga,Matchweek 35,Home,Real Madrid,Osasuna,Y,,,,,89,2-2,Ricardo,,,,,,
652,2010-05-02,La Liga,Matchweek 35,Home,Real Madrid,Osasuna,Y,,,,,24,0-1,Ricardo,,,,,,
653,2010-04-18,La Liga,Matchweek 33,Home,Real Madrid,Valencia,Y,,,,,78,1-0,César Sánchez,,,,,,
654,2010-04-15,La Liga,Matchweek 32,Away,Real Madrid,Almería,Y,,,,,27,0-1,Diego Alves,,,,,,
655,2010-04-04,La Liga,Matchweek 30,Away,Real Madrid,Racing Sant,Y,,,,,23,0-0,Fabio Coltorti,,,,,,
656,2010-03-25,La Liga,Matchweek 28,Away,Real Madrid,Getafe,Y,,,,,37,3-0,Óscar Ustari,,,,,,
657,2010-03-25,La Liga,Matchweek 28,Away,Real Madrid,Getafe,Y,,,,,13,0-0,Óscar Ustari,,,,,,
658,2010-03-14,La Liga,Matchweek 26,Away,Real Madrid,Valladolid,Y,,,,,28,0-0,Justo Villar,,,,,,
659,2010-03-10,Champions Lg,Round of 16,Home,Real Madrid,Lyon,Y,,,,,6,0-0,,,,,,,
660,2010-03-06,La Liga,Matchweek 25,Home,Real Madrid,Sevilla,Y,,,,,59,0-2,Andrés Palop,,,,,,
661,2010-02-27,La Liga,Matchweek 24,Away,Real Madrid,Tenerife,Y,,,,,79,3-1,Sergio Aragoneses,,,,,,
662,2010-02-21,La Liga,Matchweek 23,Home,Real Madrid,Villarreal,Y,,,,,18,0-0,Diego López,,,,,,
663,2010-02-13,La Liga,Matchweek 22,Away,Real Madrid,Xerez,Y,,,,,71,2-0,Renan Brito Soares,,,,,,
664,2010-02-13,La Liga,Matchweek 22,Away,Real Madrid,Xerez,Y,,,,,69,1-0,Renan Brito Soares,,,,,,
665,2010-01-24,La Liga,Matchweek 19,Home,Real Madrid,Málaga,Y,,,,,39,1-0,Gustavo Munúa,,,,,,
666,2010-01-24,La Liga,Matchweek 19,Home,Real Madrid,Málaga,Y,,,,,35,0-0,Gustavo Munúa,,,,,,
667,2009-12-19,La Liga,Matchweek 15,Home,Real Madrid,Zaragoza,Y,,,,,49,4-0,Javier López Vallejo,,,,,,
668,2009-12-08,Champions Lg,Group stage,Away,Real Madrid,Marseille,Y,,,,,80,2-1,,,,,,,
669,2009-12-08,Champions Lg,Group stage,Away,Real Madrid,Marseille,Y,,,,,5,0-0,,,,,,,
670,2009-12-05,La Liga,Matchweek 13,Home,Real Madrid,Almería,Y,,,,,84,3-2,Diego Alves,,,,,,
671,2009-09-30,Champions Lg,Group stage,Home,Real Madrid,Marseille,Y,,,,,64,2-0,,,,,,,
672,2009-09-30,Champions Lg,Group stage,Home,Real Madrid,Marseille,Y,,,,,58,0-0,,,,,,,
673,2009-09-23,La Liga,Matchweek 4,Away,Real Madrid,Villarreal,Y,,,,,1,0-0,Diego López,,,,,,
674,2009-09-20,La Liga,Matchweek 3,Home,Real Madrid,Xerez,Y,,,,,75,1-0,Renan Brito Soares,,,,,,
675,2009-09-20,La Liga,Matchweek 3,Home,Real Madrid,Xerez,Y,,,,,1,0-0,Renan Brito Soares,,,,,,
676,2009-09-15,Champions Lg,Group stage,Away,Real Madrid,Zürich,Y,,,,,89,3-2,,,,,,,
677,2009-09-15,Champions Lg,Group stage,Away,Real Madrid,Zürich,Y,,,,,27,0-0,,,,,,,
678,2009-09-12,La Liga,Matchweek 2,Away,Real Madrid,Espanyol,N,,,,,89,2-0,Carlos Kameni,,,,,,
679,2009-08-29,La Liga,Matchweek 1,Home,Real Madrid,La Coruña,Y,,,,,34,1-1,Daniel Aranzubia,,,,,,
680,2009-05-10,Premier League,Matchweek 36,Home,Manchester Utd,Manchester City,Y,,,,,18,0-0,Shay Given,,,,,,
681,2009-05-05,Champions Lg,Semi-finals,Away,Manchester Utd,Arsenal,Y,,,,,61,2-0,,,,,,,
682,2009-05-05,Champions Lg,Semi-finals,Away,Manchester Utd,Arsenal,Y,,,,,11,1-0,,,,,,,
683,2009-04-25,Premier League,Matchweek 34,Home,Manchester Utd,Tottenham,Y,,,,,68,2-2,Heurelho Gomes,Wayne Rooney,,,,,
684,2009-04-25,Premier League,Matchweek 34,Home,Manchester Utd,Tottenham,Y,,,,,57,0-2,Heurelho Gomes,,,,,,
685,2009-04-15,Champions Lg,Quarter-finals,Away,Manchester Utd,Porto,Y,,,,,6,0-0,,,,,,,
686,2009-04-05,Premier League,Matchweek 31,Home,Manchester Utd,Aston Villa,Y,,,,,80,1-2,Brad Friedel,Michael Carrick,,,,,
687,2009-04-05,Premier League,Matchweek 31,Home,Manchester Utd,Aston Villa,Y,,,,,14,0-0,Brad Friedel,Ryan Giggs,,,,,
688,2009-03-14,Premier League,Matchweek 29,Home,Manchester Utd,Liverpool,Y,,,,,23,0-0,Pepe Reina,,,,,,
689,2009-03-11,Champions Lg,Round of 16,Home,Manchester Utd,Inter,Y,,,,,49,1-0,,,,,,,
690,2009-02-21,Premier League,Matchweek 26,Home,Manchester Utd,Blackburn,Y,,,,,60,1-1,Paul Robinson,,,,,,
691,2009-01-31,Premier League,Matchweek 24,Home,Manchester Utd,Everton,Y,,,,,44,0-0,Tim Howard,,,,,,
692,2009-01-27,Premier League,Matchweek 23,Away,Manchester Utd,West Brom,Y,,,,,73,4-0,Scott Carson,Dimitar Berbatov,,,,,
693,2009-01-27,Premier League,Matchweek 23,Away,Manchester Utd,West Brom,Y,,,,,65,3-0,Scott Carson,Ryan Giggs,,,,,
694,2008-11-15,Premier League,Matchweek 13,Home,Manchester Utd,Stoke City,Y,,,,,89,4-0,Thomas Sørensen,,,,,,
695,2008-11-15,Premier League,Matchweek 13,Home,Manchester Utd,Stoke City,Y,,,,,3,0-0,Thomas Sørensen,,,,,,
696,2008-11-01,Premier League,Matchweek 11,Home,Manchester Utd,Hull City,Y,,,,,44,2-1,Boaz Myhill,Nani,,,,,
697,2008-11-01,Premier League,Matchweek 11,Home,Manchester Utd,Hull City,Y,,,,,3,0-0,Boaz Myhill,Dimitar Berbatov,,,,,
698,2008-10-29,Premier League,Matchweek 10,Home,Manchester Utd,West Ham,Y,,,,,30,1-0,Robert Green,Dimitar Berbatov,,,,,
699,2008-10-29,Premier League,Matchweek 10,Home,Manchester Utd,West Ham,Y,,,,,14,0-0,Robert Green,Nani,,,,,
700,2008-10-18,Premier League,Matchweek 8,Home,Manchester Utd,West Brom,Y,,,,,69,1-0,Scott Carson,Wayne Rooney,,,,,
701,2008-09-27,Premier League,Matchweek 6,Home,Manchester Utd,Bolton,Y,,,,,60,0-0,Jussi Jääskeläinen,,,,,,
702,2008-06-11,UEFA Euro,Group stage,Away,Portugal,Czech Republic,Y,,,,,63,1-1,Petr Čech,,,,,,
703,2008-05-21,Champions Lg,Final,Neutral,Manchester Utd,Chelsea,Y,,,,,26,0-0,,,,,,,
704,2008-05-11,Premier League,Matchweek 38,Away,Manchester Utd,Wigan Athletic,Y,,,,,33,0-0,Chris Kirkland,,,,,,
705,2008-05-03,Premier League,Matchweek 37,Home,Manchester Utd,West Ham,Y,,,,,24,1-0,Robert Green,Owen Hargreaves,,,,,
706,2008-05-03,Premier League,Matchweek 37,Home,Manchester Utd,West Ham,Y,,,,,3,0-0,Robert Green,Nani,,,,,
707,2008-04-13,Premier League,Matchweek 34,Home,Manchester Utd,Arsenal,Y,,,,,54,0-1,Jens Lehmann,,,,,,
708,2008-04-06,Premier League,Matchweek 33,Away,Manchester Utd,Middlesbrough,Y,,,,,10,0-0,Mark Schwarzer,Michael Carrick,,,,,
709,2008-04-01,Champions Lg,Quarter-finals,Away,Manchester Utd,Roma,Y,,,,,39,0-0,,,,,,,
710,2008-03-29,Premier League,Matchweek 32,Home,Manchester Utd,Aston Villa,Y,,,,,17,0-0,Scott Carson,,,,,,
711,2008-03-23,Premier League,Matchweek 31,Home,Manchester Utd,Liverpool,Y,,,,,79,1-0,Pepe Reina,Nani,,,,,
712,2008-03-19,Premier League,Matchweek 29,Home,Manchester Utd,Bolton,Y,,,,,19,1-0,Ali Al-Habsi,,,,,,
713,2008-03-19,Premier League,Matchweek 29,Home,Manchester Utd,Bolton,Y,,,,,9,0-0,Ali Al-Habsi,,,,,,
714,2008-03-15,Premier League,Matchweek 30,Away,Manchester Utd,Derby County,Y,,,,,76,0-0,Roy Carroll,Wayne Rooney,,,,,
715,2008-03-04,Champions Lg,Round of 16,Home,Manchester Utd,Lyon,Y,,,,,41,0-0,,,,,,,
716,2008-02-23,Premier League,Matchweek 27,Away,Manchester Utd,Newcastle Utd,Y,,,,,56,2-0,Steve Harper,Darren Fletcher,,,,,
717,2008-02-23,Premier League,Matchweek 27,Away,Manchester Utd,Newcastle Utd,Y,,,,,45,1-0,Shay Given,Michael Carrick,,,,,
718,2008-01-30,Premier League,Matchweek 24,Home,Manchester Utd,Portsmouth,Y,,,,,13,1-0,David James,,,,,,
719,2008-01-30,Premier League,Matchweek 24,Home,Manchester Utd,Portsmouth,Y,,,,,10,0-0,David James,Nani,,,,,
720,2008-01-19,Premier League,Matchweek 23,Away,Manchester Utd,Reading,Y,,,,,90+3,1-0,Marcus Hahnemann,Darren Fletcher,,,,,
721,2008-01-12,Premier League,Matchweek 22,Home,Manchester Utd,Newcastle Utd,Y,,,,,88,4-0,Shay Given,,,,,,
722,2008-01-12,Premier League,Matchweek 22,Home,Manchester Utd,Newcastle Utd,Y,,,,,70,2-0,Shay Given,Carlos Tevez,,,,,
723,2008-01-12,Premier League,Matchweek 22,Home,Manchester Utd,Newcastle Utd,Y,,,,,49,0-0,Shay Given,,,,,,
724,2007-12-29,Premier League,Matchweek 20,Away,Manchester Utd,West Ham,Y,,,,,14,0-0,Robert Green,Ryan Giggs,,,,,
725,2007-12-26,Premier League,Matchweek 19,Away,Manchester Utd,Sunderland,Y,,,,,45,2-0,Craig Gordon,,,,,,
726,2007-12-23,Premier League,Matchweek 18,Home,Manchester Utd,Everton,Y,,,,,88,1-1,Tim Howard,,,,,,
727,2007-12-23,Premier League,Matchweek 18,Home,Manchester Utd,Everton,Y,,,,,22,0-0,Tim Howard,Carlos Tevez,,,,,
728,2007-12-08,Premier League,Matchweek 16,Home,Manchester Utd,Derby County,Y,,,,,90,3-1,Stephen Bywater,,,,,,
729,2007-12-03,Premier League,Matchweek 15,Home,Manchester Utd,Fulham,Y,,,,,58,1-0,Antti Niemi,John O'Shea,,,,,
730,2007-12-03,Premier League,Matchweek 15,Home,Manchester Utd,Fulham,Y,,,,,10,0-0,Antti Niemi,Nemanja Vidić,,,,,
731,2007-11-27,Champions Lg,Group stage,Home,Manchester Utd,Sporting CP,Y,,,,,90+2,1-1,,,,,,,
732,2007-11-11,Premier League,Matchweek 13,Home,Manchester Utd,Blackburn,Y,,,,,35,1-0,Brad Friedel,Carlos Tevez,,,,,
733,2007-11-11,Premier League,Matchweek 13,Home,Manchester Utd,Blackburn,Y,,,,,34,0-0,Brad Friedel,Ryan Giggs,,,,,
734,2007-11-07,Champions Lg,Group stage,Home,Manchester Utd,Dynamo Kyiv,Y,,,,,88,3-0,,,,,,,
735,2007-11-03,Premier League,Matchweek 12,Away,Manchester Utd,Arsenal,Y,,,,,82,1-1,Manuel Almunia,Patrice Evra,,,,,
736,2007-10-23,Champions Lg,Group stage,Away,Manchester Utd,Dynamo Kyiv,Y,,,,,68,3-1,,,,,,,
737,2007-10-23,Champions Lg,Group stage,Away,Manchester Utd,Dynamo Kyiv,Y,,,,,41,2-1,,,,,,,
738,2007-10-17,Euro Qualifying,Group stage,Away,Portugal,Kazakhstan,Y*,,,,,90+1,1-0,David Loria,,,,,,
739,2007-10-06,Premier League,Matchweek 9,Home,Manchester Utd,Wigan Athletic,Y,,,,,76,2-0,Chris Kirkland,,,,,,
740,2007-10-06,Premier League,Matchweek 9,Home,Manchester Utd,Wigan Athletic,Y,,,,,59,1-0,Chris Kirkland,,,,,,
741,2007-09-29,Premier League,Matchweek 8,Away,Manchester Utd,Birmingham City,Y,,,,,51,0-0,Maik Taylor,Rio Ferdinand,,,,,
742,2007-09-19,Champions Lg,Group stage,Away,Manchester Utd,Sporting CP,Y,,,,,62,0-0,,,,,,,
743,2007-09-08,Euro Qualifying,Group stage,Home,Portugal,Poland,Y,,,,,73,1-1,Artur Boruc,,,,,,
744,2007-08-22,Euro Qualifying,Group stage,Away,Portugal,Armenia,Y,,,,,37,0-1,Roman Berezovsky,,,,,,
745,2007-05-05,Premier League,Matchweek 37,Away,Manchester Utd,Manchester City,Y,,,,,34,0-0,Andreas Isaksson,,,,,,
746,2007-04-24,Champions Lg,Semi-finals,Home,Manchester Utd,Milan,Y,,,,,5,0-0,,,,,,,
747,2007-04-10,Champions Lg,Quarter-finals,Home,Manchester Utd,Roma,Y,,,,,49,4-0,,,,,,,
748,2007-04-10,Champions Lg,Quarter-finals,Home,Manchester Utd,Roma,Y,,,,,44,3-0,,,,,,,
749,2007-03-24,Euro Qualifying,Group stage,Home,Portugal,Belgium,Y,,,,,75,3-0,Stijn Stijnen,,,,,,
750,2007-03-24,Euro Qualifying,Group stage,Home,Portugal,Belgium,Y,,,,,55,1-0,Stijn Stijnen,,,,,,
751,2007-02-24,Premier League,Matchweek 28,Away,Manchester Utd,Fulham,Y,,,,,88,1-1,Jan Laštůvka,Mikaël Silvestre,,,,,
752,2007-02-04,Premier League,Matchweek 26,Away,Manchester Utd,Tottenham,Y,,,,,45,0-0,Paul Robinson,,,,,,
753,2007-01-31,Premier League,Matchweek 25,Home,Manchester Utd,Watford,Y,,,,,20,0-0,Richard Lee,,,,,,
754,2007-01-13,Premier League,Matchweek 23,Home,Manchester Utd,Aston Villa,Y,,,,,35,2-0,Thomas Sørensen,Michael Carrick,,,,,
755,2006-12-30,Premier League,Matchweek 21,Home,Manchester Utd,Reading,Y,,,,,77,2-1,Marcus Hahnemann,Ryan Giggs,,,,,
756,2006-12-30,Premier League,Matchweek 21,Home,Manchester Utd,Reading,Y,,,,,59,1-1,Marcus Hahnemann,,,,,,
757,2006-12-26,Premier League,Matchweek 20,Home,Manchester Utd,Wigan Athletic,N,,,,,51,1-0,Chris Kirkland,,,,,,
758,2006-12-26,Premier League,Matchweek 20,Home,Manchester Utd,Wigan Athletic,N,,,,,47,0-0,Chris Kirkland,Paul Scholes,,,,,
759,2006-12-23,Premier League,Matchweek 19,Away,Manchester Utd,Aston Villa,Y,,,,,85,2-0,Gábor Király,Gary Neville,,,,,
760,2006-12-23,Premier League,Matchweek 19,Away,Manchester Utd,Aston Villa,Y,,,,,58,0-0,Gábor Király,,,,,,
761,2006-12-09,Premier League,Matchweek 17,Home,Manchester Utd,Manchester City,Y,,,,,84,2-1,,,,,,,
762,2006-11-29,Premier League,Matchweek 15,Home,Manchester Utd,Everton,Y,,,,,39,0-0,Richard Wright,,,,,,
763,2006-11-15,Euro Qualifying,Group stage,Home,Portugal,Kazakhstan,Y,,,,,30,1-0,David Loria,,,,,,
764,2006-11-04,Premier League,Matchweek 11,Home,Manchester Utd,Portsmouth,Y,,,,,10,1-0,David James,,,,,,
765,2006-10-28,Premier League,Matchweek 10,Away,Manchester Utd,Bolton,Y,,,,,82,2-0,Jussi Jääskeläinen,Louis Saha,,,,,
766,2006-10-07,Euro Qualifying,Group stage,Home,Portugal,Azerbaijan,Y,,,,,63,2-0,Farhad Valiyev,,,,,,
767,2006-10-07,Euro Qualifying,Group stage,Home,Portugal,Azerbaijan,Y,,,,,24,0-0,Farhad Valiyev,,,,,,
768,2006-09-23,Premier League,Matchweek 6,Away,Manchester Utd,Reading,Y,,,,,73,0-1,Marcus Hahnemann,John O'Shea,,,,,
769,2006-08-20,Premier League,Matchweek 1,Home,Manchester Utd,Fulham,Y,,,,,19,3-0,Antti Niemi,Wayne Rooney,,,,,
770,2006-06-17,World Cup,Group stage,Neutral,Portugal,IR Iran,Y,,,,,80,1-0,Ebrahim Mirzapour,,,,,,
771,2006-05-07,Premier League,Matchweek 38,Home,Manchester Utd,Charlton Ath,Y,,,,,23,1-0,Stephan Andersen,Wes Brown,,,,,
772,2006-03-06,Premier League,Matchweek 28,Away,Manchester Utd,Wigan Athletic,Y,,,,,74,0-1,John Filan,Ruud van Nistelrooy,,,,,
773,2006-02-11,Premier League,Matchweek 26,Away,Manchester Utd,Portsmouth,Y,,,,,45+1,2-0,Dean Kiely,Wayne Rooney,,,,,
774,2006-02-11,Premier League,Matchweek 26,Away,Manchester Utd,Portsmouth,Y,,,,,38,1-0,Dean Kiely,,,,,,
775,2006-02-04,Premier League,Matchweek 25,Home,Manchester Utd,Fulham,Y,,,,,86,3-2,Antti Niemi,,,,,,
776,2006-02-04,Premier League,Matchweek 25,Home,Manchester Utd,Fulham,Y,,,,,14,1-0,Antti Niemi,,,,,,
777,2005-12-31,Premier League,Matchweek 20,Home,Manchester Utd,Bolton,Y,,,,,90,3-1,Jussi Jääskeläinen,Ruud van Nistelrooy,,,,,
778,2005-12-31,Premier League,Matchweek 20,Home,Manchester Utd,Bolton,Y,,,,,68,2-1,Jussi Jääskeläinen,Wayne Rooney,,,,,
779,2005-10-29,Premier League,Matchweek 11,Away,Manchester Utd,Middlesbrough,N,,,,,90+4,0-4,Mark Schwarzer,Paul Scholes,,,,,
780,2005-08-09,Champions Lg,Third qualifying round,Home,Manchester Utd,Debrecen,Y,,,,,63,2-0,,,,,,,
781,2005-06-08,WCQ,First round,Away,Portugal,Estonia,Y,,,,,32,0-0,Artur Kotenko,,,,,,
782,2005-06-04,WCQ,First round,Home,Portugal,Slovakia,Y,,,,,42,1-0,Kamil Čontofalský,,,,,,
783,2005-03-19,Premier League,Matchweek 30,Home,Manchester Utd,Fulham,Y,,,,,21,0-0,Edwin van der Sar,Roy Keane,,,,,
784,2005-02-01,Premier League,Matchweek 25,Away,Manchester Utd,Arsenal,Y,,,,,58,2-2,Manuel Almunia,Ryan Giggs,,,,,
785,2005-02-01,Premier League,Matchweek 25,Away,Manchester Utd,Arsenal,Y,,,,,54,1-2,Manuel Almunia,Ryan Giggs,,,,,
786,2005-01-22,Premier League,Matchweek 24,Home,Manchester Utd,Aston Villa,Y,,,,,8,0-0,Thomas Sørensen,Louis Saha,,,,,
787,2004-12-04,Premier League,Matchweek 16,Home,Manchester Utd,Southampton,Y,,,,,87,2-0,Kasey Keller,Gary Neville,,,,,
788,2004-11-17,WCQ,First round,Away,Portugal,Luxembourg,Y,,,,,28,1-0,Alija Bešić,,,,,,
789,2004-10-13,WCQ,First round,Home,Portugal,Russia,Y,,,,,69,3-0,Vyacheslav Malafeev,,,,,,
790,2004-10-13,WCQ,First round,Home,Portugal,Russia,Y,,,,,39,1-0,Vyacheslav Malafeev,,,,,,
791,2004-09-08,WCQ,First round,Home,Portugal,Estonia,Y,,,,,75,0-0,Mart Poom,,,,,,
792,2004-09-04,WCQ,First round,Away,Portugal,Latvia,Y,,,,,57,0-0,Aleksandrs Koļinko,,,,,,
793,2004-06-30,UEFA Euro,Semi-finals,Home,Portugal,Netherlands,Y,,,,,26,0-0,Edwin van der Sar,,,,,,
794,2004-06-12,UEFA Euro,Group stage,Home,Portugal,Greece,N,,,,,90+3,0-2,Antonios Nikopolidis,,,,,,
795,2004-05-15,Premier League,Matchweek 38,Away,Manchester Utd,Aston Villa,Y,,,,,4,0-0,Thomas Sørensen,,,,,,
796,2004-04-10,Premier League,Matchweek 32,Away,Manchester Utd,Birmingham City,N,,,,,60,0-1,Maik Taylor,Ryan Giggs,,,,,
797,2004-03-20,Premier League,Matchweek 29,Home,Manchester Utd,Tottenham,N,,,,,89,1-0,Kasey Keller,Roy Keane,,,,,
798,2003-11-01,Premier League,Matchweek 11,Home,Manchester Utd,Portsmouth,N,,,,,80,1-0,Shaka Hislop,,,,,,
799,2002-10-26,Primeira Liga,Matchweek 8,Away,Sporting CP,Boavista,N,,,,,88,1-1,,,,,,,
800,2002-10-07,Primeira Liga,Matchweek 6,Home,Sporting CP,Moreirense,Y,,,,,90,2-0,,,,,,,
801,2002-10-07,Primeira Liga,Matchweek 6,Home,Sporting CP,Moreirense,Y,,,,,34,1-0,,,,,,,